student_id,sem2_Entrepôts dedonnées examain,sem2_Entrepôts dedonnées M,sem2_Entrepôts dedonnées C,sem2_Administration des bases de données examain,sem2_Administration des bases de données M,sem2_Administration des bases de données C,sem2_M_module_Bases de données,sem2_C_module_Bases de données,sem2_Techniquesd'indexation examain,sem2_Techniquesd'indexation M,sem2_Techniquesd'indexation C,sem2_Technologies et programmation web examain,sem2_Technologies et programmation web M,sem2_Technologies et programmation web C,sem2_M_module_Indexation et Web,sem2_C_module_Indexation et Web,sem2_Tests de logiciels (certification ISTQB) examain,sem2_Tests de logiciels (certification ISTQB) M,sem2_Tests de logiciels (certification ISTQB) C,sem2_Techniques de compilation examain,sem2_Techniques de compilation M,sem2_Techniques de compilation C,sem2_M_module_Compilation & tests,sem2_C_module_Compilation & tests,sem2_Fondements de l'intelligence artificielle (programmation IA) examain,sem2_Fondements de l'intelligence artificielle (programmation IA) M,sem2_Fondements de l'intelligence artificielle (programmation IA) C,sem2_M_module_Intelligece artificielle,sem2_C_module_Intelligece artificielle,"sem2_Droit d'informatique,protection des données et éthique examain","sem2_Droit d'informatique,protection des données et éthique M","sem2_Droit d'informatique,protection des données et éthique C",sem2_Projet fedéré (methode Agile) examain,sem2_Projet fedéré (methode Agile) M,sem2_Projet fedéré (methode Agile) C,sem2_Anglais 4 examain,sem2_Anglais 4 M,sem2_Anglais 4 C,sem2_M_module_Langue et éthique,sem2_C_module_Langue et éthique,sem2_Vision par ordinateur examain,sem2_Vision par ordinateur M,sem2_Vision par ordinateur C,sem2_ERP et Intégration des Systèmes examain,sem2_ERP et Intégration des Systèmes M,sem2_ERP et Intégration des Systèmes C,sem2_M_module_Unitè Optionnelle,sem2_C_module_Unitè Optionnelle,final_Moyenne du semestre 2,final_Crédit semestre 2
0,9.0,8.4,0.0,18.0,17.25,2.0,12.82,4.0,10.5,10.12,2.0,11.0,11.75,3.0,11.1,5.0,12.75,12.64,2.0,7.0,8.27,0.0,10.02,5.0,14.5,14.95,4.0,14.95,4.0,10.0,10.6,2.0,16.0,16.0,2.0,12.0,12.5,2.0,13.03,6.0,12.0,12.22,3.0,9.5,9.95,0.0,11.08,6.0,12.04,30.0
1,19.0,16.9,2.0,19.5,19.58,2.0,18.24,4.0,15.5,14.75,2.0,17.0,15.72,3.0,15.33,5.0,11.25,11.59,2.0,16.25,14.79,3.0,13.51,5.0,12.25,13.3,4.0,13.3,4.0,12.0,12.4,2.0,16.0,16.0,2.0,11.5,12.0,2.0,13.47,6.0,14.25,12.98,3.0,20.0,19.18,3.0,16.08,6.0,14.92,30.0
2,6.5,8.75,0.0,18.0,18.3,2.0,13.52,4.0,8.5,9.77,0.0,16.0,16.0,3.0,13.51,5.0,12.0,12.71,2.0,10.0,11.91,3.0,12.23,5.0,14.0,13.62,4.0,13.62,4.0,10.0,11.2,2.0,18.0,18.0,2.0,9.5,7.6,0.0,12.27,6.0,8.5,9.77,0.0,12.0,12.6,3.0,11.18,6.0,12.6,30.0
3,19.5,18.9,2.0,20.0,20.0,2.0,19.45,4.0,12.0,13.8,2.0,18.0,17.78,3.0,16.19,5.0,17.5,17.28,2.0,17.25,17.59,3.0,17.47,5.0,15.5,15.91,4.0,15.91,4.0,16.5,16.4,2.0,18.0,18.0,2.0,12.5,13.0,2.0,15.8,6.0,17.0,16.85,3.0,20.0,19.32,3.0,18.08,6.0,17.1,30.0
4,8.5,9.4,0.0,12.0,12.0,2.0,11.0,4.0,12.0,11.0,2.0,12.0,12.0,3.0,11.0,5.0,12.0,12.0,2.0,11.0,11.0,3.0,12.0,5.0,11.0,12.0,4.0,12.0,4.0,14.0,11.0,2.0,18.0,18.0,2.0,0.0,0.0,0.0,9.8,4.0,11.5,11.05,3.0,11.0,11.67,3.0,11.36,6.0,11.42,28.0
5,2.5,6.92,0.0,6.0,5.1,0.0,6.01,0.0,2.25,3.22,0.0,4.0,5.5,0.0,4.59,0.0,1.5,4.35,0.0,6.25,6.51,0.0,5.65,0.0,9.75,10.12,4.0,10.12,4.0,11.0,11.4,2.0,16.0,16.0,2.0,8.5,9.4,0.0,12.27,6.0,12.5,12.8,3.0,2.0,1.7,0.0,7.25,3.0,7.76,13.0
6,11.0,12.2,2.0,9.5,10.92,2.0,11.56,4.0,10.0,10.45,2.0,13.0,13.52,3.0,12.29,5.0,16.0,15.51,2.0,16.0,15.06,3.0,15.24,5.0,13.25,13.21,4.0,13.21,4.0,10.0,11.2,2.0,17.5,17.5,2.0,13.0,13.4,2.0,14.03,6.0,12.0,14.02,3.0,6.5,7.78,0.0,10.9,6.0,12.88,30.0
7,13.0,10.0,2.0,8.5,10.0,2.0,10.0,4.0,12.0,13.0,2.0,17.0,16.0,3.0,15.0,5.0,5.7,7.9,0.0,16.0,15.0,3.0,12.0,5.0,15.0,15.0,4.0,15.0,4.0,12.0,12.0,2.0,18.0,18.0,2.0,14.0,14.0,2.0,14.0,6.0,11.0,11.97,3.0,8.5,9.4,0.0,10.69,6.0,13.16,30.0
8,0.5,1.25,0.0,10.5,10.42,2.0,5.84,2.0,6.5,7.48,0.0,4.0,6.92,0.0,7.14,0.0,4.75,6.92,0.0,9.25,9.36,0.0,8.38,0.0,5.0,6.95,0.0,6.95,0.0,8.0,9.2,0.0,16.0,16.0,2.0,0.0,0.0,0.0,8.4,2.0,8.0,9.16,0.0,4.0,5.05,0.0,7.1,0.0,7.39,4.0
9,6.0,7.2,0.0,15.0,16.0,2.0,11.0,4.0,8.2,9.3,0.0,12.0,13.0,3.0,11.0,5.0,11.0,11.0,2.0,11.0,11.0,3.0,11.0,5.0,13.0,14.0,4.0,14.0,4.0,5.0,6.8,0.0,16.0,16.0,2.0,11.0,11.0,2.0,11.0,6.0,13.5,13.35,3.0,15.0,15.0,3.0,14.17,6.0,12.46,30.0
10,10.0,11.0,2.0,14.0,14.0,2.0,12.0,4.0,11.0,11.0,2.0,13.0,13.0,3.0,12.0,5.0,10.0,11.0,2.0,14.0,13.0,3.0,12.0,5.0,13.0,14.0,4.0,14.0,4.0,11.0,11.0,2.0,17.0,17.0,2.0,12.0,12.0,2.0,13.0,6.0,12.0,12.97,3.0,15.0,14.62,3.0,13.8,6.0,13.37,30.0
11,12.5,13.1,2.0,14.5,15.32,2.0,14.21,4.0,13.5,13.58,2.0,15.5,15.8,3.0,14.91,5.0,11.75,12.91,2.0,16.25,15.28,3.0,14.33,5.0,11.75,13.25,4.0,13.25,4.0,10.5,11.2,2.0,16.5,16.5,2.0,15.0,14.8,2.0,14.17,6.0,12.0,12.75,3.0,18.5,17.97,3.0,15.36,6.0,14.44,30.0
12,15.25,13.37,2.0,6.5,8.45,0.0,10.91,4.0,10.75,11.35,2.0,13.0,13.0,3.0,12.34,5.0,6.25,8.2,0.0,14.5,13.41,3.0,11.33,5.0,14.25,14.77,4.0,14.77,4.0,8.0,9.4,0.0,18.0,18.0,2.0,10.5,11.5,2.0,12.97,6.0,13.0,12.85,3.0,4.5,5.92,0.0,9.38,3.0,11.84,27.0
13,8.0,10.55,2.0,20.0,20.0,2.0,15.28,4.0,11.0,11.97,2.0,10.5,12.52,3.0,12.3,5.0,17.75,17.22,2.0,16.0,15.62,3.0,16.26,5.0,14.5,14.46,4.0,14.46,4.0,10.5,11.6,2.0,18.0,18.0,2.0,14.0,14.2,2.0,14.6,6.0,13.0,14.05,3.0,16.5,16.28,3.0,15.17,6.0,14.68,30.0
14,10.5,10.2,2.0,14.5,15.32,2.0,12.76,4.0,12.5,12.01,2.0,12.0,13.5,3.0,12.9,5.0,15.25,14.76,2.0,16.5,15.22,3.0,15.04,5.0,12.75,13.84,4.0,13.84,4.0,7.5,8.8,0.0,18.0,18.0,2.0,10.0,11.0,2.0,12.6,6.0,14.5,14.95,3.0,12.5,12.5,3.0,13.72,6.0,13.47,30.0
15,19.0,16.9,2.0,15.5,16.02,2.0,16.46,4.0,14.25,14.7,2.0,14.0,14.38,3.0,14.51,5.0,16.25,16.1,2.0,15.5,15.61,3.0,15.81,5.0,18.5,17.9,4.0,17.9,4.0,10.0,10.6,2.0,18.0,18.0,2.0,12.5,12.9,2.0,13.83,6.0,15.0,15.98,3.0,17.0,16.47,3.0,16.22,6.0,15.64,30.0
16,8.25,9.52,0.0,16.0,16.6,2.0,13.06,4.0,8.75,10.92,2.0,9.5,10.7,3.0,10.79,5.0,9.5,10.7,2.0,8.5,10.41,3.0,10.53,5.0,14.75,15.2,4.0,15.2,4.0,5.5,7.0,0.0,17.0,17.0,2.0,10.0,10.9,2.0,11.63,6.0,9.0,11.77,3.0,16.5,16.12,3.0,13.94,6.0,12.44,30.0
17,12.5,12.65,2.0,16.5,14.02,2.0,13.34,4.0,9.5,10.17,2.0,13.0,13.3,3.0,12.05,5.0,14.75,12.61,2.0,10.25,12.24,3.0,12.39,5.0,16.75,16.0,4.0,16.0,4.0,8.0,6.4,0.0,17.0,17.0,2.0,13.5,10.8,2.0,11.4,6.0,12.75,14.21,3.0,16.5,14.02,3.0,14.12,6.0,13.09,30.0
18,11.5,11.65,2.0,18.0,16.65,2.0,14.15,4.0,15.5,12.72,2.0,10.0,10.9,3.0,11.63,5.0,7.25,9.05,0.0,10.5,11.96,3.0,10.8,5.0,15.5,15.88,4.0,15.88,4.0,4.0,6.0,0.0,17.0,17.0,2.0,14.0,13.8,2.0,12.27,6.0,12.75,12.9,3.0,15.0,14.7,3.0,13.8,6.0,12.96,30.0
19,13.0,14.95,2.0,20.0,20.0,2.0,17.48,4.0,10.0,11.8,2.0,16.5,16.42,3.0,14.57,5.0,14.5,14.69,2.0,11.75,12.91,3.0,13.62,5.0,14.75,15.09,4.0,15.09,4.0,15.5,15.4,2.0,19.0,19.0,2.0,12.5,12.6,2.0,15.67,6.0,12.5,13.25,3.0,11.0,11.82,3.0,12.54,6.0,14.68,30.0
20,0.0,0.0,0.0,0.0,0.0,0.0,0.0,0.0,0.0,0.0,0.0,0.0,0.0,0.0,0.0,0.0,0.0,0.0,0.0,0.0,0.0,0.0,0.0,0.0,0.0,0.0,0.0,0.0,0.0,0.0,0.0,0.0,15.5,15.5,2.0,0.0,0.0,0.0,5.17,2.0,0.0,0.0,0.0,0.0,0.0,0.0,0.0,0.0,1.03,2.0
21,20.0,19.7,2.0,20.0,17.0,2.0,18.35,4.0,15.5,14.82,2.0,13.5,14.55,3.0,14.66,5.0,15.0,15.45,2.0,11.25,11.96,3.0,13.36,5.0,15.75,16.35,4.0,16.35,4.0,13.5,13.6,2.0,17.0,17.0,2.0,11.0,11.8,2.0,14.13,6.0,13.0,14.58,3.0,20.0,19.1,3.0,16.84,6.0,15.49,30.0
22,12.0,11.7,2.0,16.5,14.02,2.0,12.86,4.0,0.0,2.74,0.0,0.0,4.27,0.0,3.66,0.0,0.0,4.42,0.0,13.25,11.64,3.0,8.75,3.0,13.5,14.1,4.0,14.1,4.0,13.5,13.4,2.0,17.0,17.0,2.0,15.25,15.2,2.0,15.2,6.0,12.0,12.6,3.0,1.0,0.85,0.0,6.72,3.0,10.05,20.0
23,0.0,0.6,0.0,0.0,0.0,0.0,0.3,0.0,0.0,0.98,0.0,0.0,1.8,0.0,1.47,0.0,0.0,1.05,0.0,0.0,1.28,0.0,1.19,0.0,0.0,3.9,0.0,3.9,0.0,0.0,0.0,0.0,18.0,18.0,2.0,0.0,0.0,0.0,6.0,2.0,0.0,0.75,0.0,0.0,0.0,0.0,0.38,0.0,2.28,2.0
24,6.5,6.65,0.0,15.5,14.67,2.0,10.66,4.0,11.5,12.25,2.0,16.5,16.12,3.0,14.57,5.0,14.25,14.1,2.0,17.75,17.38,3.0,16.07,5.0,13.5,14.4,4.0,14.4,4.0,10.0,11.0,2.0,16.0,16.0,2.0,17.0,16.5,2.0,14.5,6.0,13.0,14.65,3.0,10.0,10.68,3.0,12.67,6.0,13.88,30.0
25,18.0,17.85,2.0,20.0,18.5,2.0,18.18,4.0,11.0,10.7,2.0,17.5,16.9,3.0,14.42,5.0,15.0,14.62,2.0,19.25,18.09,3.0,16.7,5.0,11.75,13.25,4.0,13.25,4.0,11.0,11.6,2.0,16.5,16.5,2.0,16.0,15.7,2.0,14.6,6.0,13.0,14.88,3.0,18.0,17.55,3.0,16.22,6.0,15.54,30.0
26,16.0,16.3,2.0,20.0,19.85,2.0,18.08,4.0,17.75,17.34,2.0,16.0,16.38,3.0,16.76,5.0,12.25,13.26,2.0,18.0,17.59,3.0,15.86,5.0,15.75,16.42,4.0,16.42,4.0,12.0,12.0,2.0,19.0,19.0,2.0,11.0,11.7,2.0,14.23,6.0,14.25,14.18,3.0,15.0,15.15,3.0,14.67,6.0,15.82,30.0
27,7.0,8.2,0.0,14.5,15.17,2.0,11.68,4.0,9.5,10.92,2.0,15.5,15.5,3.0,13.67,5.0,11.0,11.56,2.0,13.75,14.5,3.0,13.32,5.0,14.5,15.17,4.0,15.17,4.0,7.0,8.4,0.0,19.0,19.0,2.0,11.0,11.7,2.0,13.03,6.0,12.0,12.6,3.0,18.5,17.97,3.0,15.28,6.0,13.74,30.0
28,0.0,0.0,0.0,0.0,0.0,0.0,0.0,0.0,0.0,0.0,0.0,0.0,2.7,0.0,1.62,0.0,0.0,0.0,0.0,0.0,0.0,0.0,0.0,0.0,0.0,0.0,0.0,0.0,0.0,0.0,0.0,0.0,18.0,18.0,2.0,0.0,0.0,0.0,6.0,2.0,0.0,0.0,0.0,0.0,0.0,0.0,0.0,0.0,1.47,2.0
29,8.0,8.0,0.0,10.75,12.14,2.0,10.07,4.0,6.5,6.76,0.0,14.5,14.87,3.0,11.63,5.0,5.25,7.05,0.0,8.25,9.9,0.0,8.76,0.0,10.0,10.3,4.0,10.3,4.0,8.0,9.2,0.0,17.0,17.0,2.0,14.0,14.1,2.0,13.43,6.0,11.75,11.15,3.0,13.0,12.55,3.0,11.85,6.0,11.17,25.0
30,11.5,9.55,0.0,5.0,7.1,0.0,8.32,0.0,7.75,8.54,0.0,12.5,12.58,3.0,10.96,5.0,1.5,4.16,0.0,6.5,8.11,0.0,6.53,0.0,12.0,13.39,4.0,13.39,4.0,1.0,3.2,0.0,16.0,16.0,2.0,11.0,11.6,2.0,10.27,6.0,12.5,10.92,3.0,5.5,6.7,0.0,8.81,3.0,9.63,18.0
31,9.0,9.3,0.0,20.0,17.0,2.0,13.15,4.0,14.0,11.97,2.0,7.0,8.88,0.0,10.12,5.0,11.75,12.24,2.0,11.5,11.72,3.0,11.93,5.0,12.5,13.96,4.0,13.96,4.0,11.0,11.2,2.0,19.0,19.0,2.0,11.5,12.2,2.0,14.13,6.0,18.0,13.5,3.0,14.0,14.0,3.0,13.75,6.0,12.87,30.0
32,10.0,10.9,2.0,13.5,14.17,2.0,12.54,4.0,12.0,12.64,2.0,16.5,16.2,3.0,14.78,5.0,8.25,9.98,0.0,11.75,13.1,3.0,11.85,5.0,12.25,13.38,4.0,13.38,4.0,8.5,9.6,0.0,18.0,18.0,2.0,12.0,12.0,2.0,13.2,6.0,13.0,12.85,3.0,16.5,16.58,3.0,14.71,6.0,13.48,30.0
33,9.0,10.95,2.0,16.0,14.95,2.0,12.95,4.0,10.5,9.6,0.0,18.5,17.6,3.0,14.4,5.0,11.0,12.2,2.0,18.5,17.19,3.0,15.19,5.0,15.0,15.38,4.0,15.38,4.0,7.0,8.2,0.0,17.0,17.0,2.0,15.0,14.8,2.0,13.33,6.0,12.0,13.05,3.0,13.5,12.22,3.0,12.64,6.0,13.9,30.0
34,0.0,0.3,0.0,4.5,3.82,0.0,2.06,0.0,8.5,8.61,0.0,8.5,7.9,0.0,8.18,0.0,4.0,3.7,0.0,7.0,5.5,0.0,4.78,0.0,8.75,9.2,0.0,9.2,0.0,4.0,3.2,0.0,17.0,17.0,2.0,14.5,11.6,2.0,10.6,6.0,12.0,11.4,3.0,10.0,8.5,0.0,9.95,3.0,7.77,9.0
35,1.5,4.05,0.0,12.5,10.62,2.0,7.33,2.0,8.5,8.35,0.0,11.5,12.7,3.0,10.96,5.0,4.25,6.35,0.0,10.5,11.1,3.0,9.2,3.0,14.25,13.39,4.0,13.39,4.0,11.5,12.4,2.0,18.0,18.0,2.0,16.0,15.8,2.0,15.4,6.0,11.0,10.85,3.0,9.0,9.15,0.0,10.0,6.0,11.2,26.0
36,8.5,9.1,0.0,16.5,15.52,2.0,12.31,4.0,12.0,9.15,0.0,7.0,9.02,0.0,9.07,0.0,8.5,9.62,0.0,0.0,0.0,0.0,3.85,0.0,12.5,12.42,4.0,12.42,4.0,10.0,10.6,2.0,16.0,16.0,2.0,0.0,0.0,0.0,8.87,4.0,10.5,11.44,3.0,19.5,16.58,3.0,14.01,6.0,10.03,18.0
37,4.0,7.45,0.0,20.0,20.0,2.0,13.72,4.0,14.0,14.52,2.0,15.5,15.05,3.0,14.84,5.0,14.0,13.96,2.0,14.5,14.16,3.0,14.08,5.0,13.25,14.37,4.0,14.37,4.0,14.0,14.0,2.0,19.0,19.0,2.0,14.5,14.5,2.0,15.83,6.0,16.0,15.1,3.0,9.5,10.17,3.0,12.64,6.0,14.26,30.0
38,0.0,1.2,0.0,3.0,5.55,0.0,3.38,0.0,5.0,7.48,0.0,13.0,13.22,3.0,10.92,5.0,7.75,9.18,0.0,0.5,3.58,0.0,5.82,0.0,13.75,14.46,4.0,14.46,4.0,6.0,7.4,0.0,17.0,17.0,2.0,9.0,9.8,0.0,11.4,6.0,8.0,9.8,0.0,4.5,6.15,0.0,7.98,0.0,9.04,15.0
39,8.0,7.25,0.0,7.0,8.65,0.0,7.95,0.0,10.5,11.4,2.0,18.5,17.6,3.0,15.12,5.0,13.25,13.7,2.0,17.0,16.55,3.0,15.41,5.0,14.5,14.54,4.0,14.54,4.0,4.0,6.3,0.0,18.0,18.0,2.0,13.0,13.3,2.0,12.53,6.0,12.5,12.2,3.0,10.5,10.95,3.0,11.57,6.0,12.91,26.0
40,0.0,1.65,0.0,15.25,15.66,2.0,8.66,2.0,10.0,9.25,0.0,0.0,2.4,0.0,5.14,0.0,7.25,8.11,0.0,13.25,12.87,3.0,10.97,5.0,11.5,11.65,4.0,11.65,4.0,7.0,5.6,0.0,16.0,16.0,2.0,18.0,17.6,2.0,13.07,6.0,6.5,7.48,0.0,6.5,7.85,0.0,7.66,0.0,9.54,17.0
41,10.0,10.9,2.0,10.0,10.98,2.0,10.94,4.0,11.75,11.08,2.0,16.0,15.77,3.0,13.89,5.0,9.25,10.79,2.0,6.0,7.39,0.0,8.75,2.0,14.25,15.19,4.0,15.19,4.0,13.0,13.2,2.0,17.0,17.0,2.0,18.0,17.4,2.0,15.87,6.0,13.0,12.7,3.0,10.0,10.6,3.0,11.65,6.0,12.76,27.0
42,15.0,16.2,2.0,20.0,20.0,2.0,18.1,4.0,13.5,12.98,2.0,16.5,16.35,3.0,15.0,5.0,13.75,14.35,2.0,17.0,16.32,3.0,15.53,5.0,15.5,15.61,4.0,15.61,4.0,10.0,10.8,2.0,17.0,17.0,2.0,14.5,14.5,2.0,14.1,6.0,14.0,14.6,3.0,17.5,17.5,3.0,16.05,6.0,15.61,30.0
43,16.5,15.0,2.0,12.5,13.62,2.0,14.31,4.0,16.25,14.04,2.0,14.5,14.42,3.0,14.27,5.0,9.25,10.34,2.0,11.0,11.75,3.0,11.19,5.0,12.5,13.59,4.0,13.59,4.0,10.0,10.4,2.0,16.0,16.0,2.0,14.0,14.0,2.0,13.47,6.0,12.25,11.65,3.0,14.5,14.5,3.0,13.08,6.0,13.27,30.0
44,8.0,10.18,2.0,16.0,15.85,2.0,13.02,4.0,7.5,7.42,0.0,5.0,6.95,0.0,7.14,0.0,8.0,8.75,0.0,5.5,4.68,0.0,6.31,0.0,16.25,16.74,4.0,16.74,4.0,8.0,9.0,0.0,17.5,17.5,2.0,12.5,12.4,2.0,12.97,6.0,10.5,11.17,3.0,14.5,12.32,3.0,11.74,6.0,11.15,20.0
45,11.5,13.3,2.0,10.0,10.9,2.0,12.1,4.0,9.25,10.04,2.0,13.0,13.15,3.0,11.91,5.0,11.75,12.24,2.0,13.25,13.4,3.0,12.94,5.0,14.75,14.97,4.0,14.97,4.0,10.0,10.4,2.0,16.0,16.0,2.0,11.0,8.8,0.0,11.73,6.0,14.5,14.87,3.0,15.5,15.05,3.0,14.96,6.0,13.09,30.0
46,11.5,8.5,0.0,5.5,6.17,0.0,7.34,0.0,8.5,7.82,0.0,13.5,13.8,3.0,11.41,5.0,4.75,7.22,0.0,2.75,2.68,0.0,4.5,0.0,11.0,10.21,4.0,10.21,4.0,2.0,4.2,0.0,17.0,17.0,2.0,12.0,12.4,2.0,11.2,6.0,8.0,7.4,0.0,6.5,7.02,0.0,7.21,0.0,8.67,15.0
47,5.0,7.4,0.0,15.0,15.0,2.0,11.2,4.0,10.25,10.32,2.0,10.0,11.42,3.0,10.98,5.0,7.0,7.86,0.0,14.0,13.85,3.0,11.45,5.0,9.75,10.72,4.0,10.72,4.0,10.0,10.6,2.0,17.5,17.5,2.0,12.0,12.4,2.0,13.5,6.0,11.5,12.47,3.0,17.0,16.7,3.0,14.58,6.0,12.28,30.0
48,12.0,14.1,2.0,6.0,8.1,0.0,11.1,4.0,13.5,13.27,2.0,17.0,15.87,3.0,14.83,5.0,12.75,13.54,2.0,16.75,16.04,3.0,15.04,5.0,18.0,18.38,4.0,18.38,4.0,10.0,8.0,0.0,18.0,18.0,2.0,12.0,12.4,2.0,12.8,6.0,14.0,14.67,3.0,20.0,19.32,3.0,17.0,6.0,14.87,30.0
49,4.0,5.95,0.0,11.0,9.35,0.0,7.65,0.0,9.5,9.42,0.0,6.5,8.9,0.0,9.11,0.0,5.25,6.52,0.0,6.75,6.22,0.0,6.34,0.0,7.75,7.52,0.0,7.52,0.0,6.0,8.0,0.0,18.0,18.0,2.0,14.0,11.2,2.0,12.4,6.0,10.25,10.02,3.0,4.0,3.4,0.0,6.71,3.0,8.42,9.0
50,0.0,0.0,0.0,0.0,0.0,0.0,0.0,0.0,0.0,0.0,0.0,0.0,0.0,0.0,0.0,0.0,0.0,0.0,0.0,0.0,0.0,0.0,0.0,0.0,0.0,1.5,0.0,1.5,0.0,0.0,0.0,0.0,17.0,17.0,2.0,0.0,0.0,0.0,5.67,2.0,0.0,0.0,0.0,0.0,0.0,0.0,0.0,0.0,1.33,2.0
51,9.5,9.65,0.0,14.5,12.32,2.0,10.98,4.0,12.75,10.69,2.0,12.5,12.72,3.0,11.91,5.0,11.5,12.36,2.0,16.75,14.95,3.0,13.91,5.0,10.0,11.27,4.0,11.27,4.0,10.0,10.4,2.0,16.0,16.0,2.0,14.0,13.8,2.0,13.4,6.0,11.0,12.31,3.0,12.0,12.6,3.0,12.45,6.0,12.44,30.0
52,11.5,10.45,2.0,11.5,11.27,2.0,10.86,4.0,11.75,10.1,2.0,14.0,13.7,3.0,12.26,5.0,10.5,10.76,2.0,15.25,14.05,3.0,12.73,5.0,13.5,14.25,4.0,14.25,4.0,10.0,10.6,2.0,17.0,17.0,2.0,11.0,11.2,2.0,12.93,6.0,11.0,11.6,3.0,9.5,10.02,3.0,10.81,6.0,12.26,30.0
53,12.0,12.0,2.0,6.0,6.6,0.0,9.3,2.0,11.0,11.3,2.0,13.5,14.47,3.0,13.2,5.0,8.0,9.76,0.0,18.75,17.85,3.0,14.61,5.0,15.75,16.09,4.0,16.09,4.0,11.0,8.8,0.0,17.0,17.0,2.0,12.0,12.4,2.0,12.73,6.0,12.0,12.52,3.0,12.0,11.7,3.0,12.11,6.0,12.99,28.0
54,14.0,14.75,2.0,15.5,16.18,2.0,15.46,4.0,9.5,11.3,2.0,13.5,13.72,3.0,12.75,5.0,7.75,9.48,0.0,14.25,14.81,3.0,12.68,5.0,12.0,13.24,4.0,13.24,4.0,10.5,11.2,2.0,17.0,17.0,2.0,16.5,15.9,2.0,14.7,6.0,11.0,12.24,3.0,14.0,14.08,3.0,13.16,6.0,13.64,30.0
55,16.5,15.0,2.0,16.0,16.52,2.0,15.76,4.0,13.5,14.4,2.0,13.5,14.1,3.0,14.22,5.0,8.25,9.45,0.0,17.5,16.41,3.0,13.63,5.0,12.5,13.48,4.0,13.48,4.0,10.5,11.2,2.0,17.0,17.0,2.0,14.5,14.3,2.0,14.17,6.0,11.0,12.35,3.0,13.5,13.72,3.0,13.04,6.0,13.98,30.0
56,11.5,13.0,2.0,15.5,16.18,2.0,14.59,4.0,11.5,12.62,2.0,17.5,17.35,3.0,15.46,5.0,16.5,15.56,2.0,16.75,16.19,3.0,15.94,5.0,15.25,15.51,4.0,15.51,4.0,10.0,10.6,2.0,19.0,19.0,2.0,17.5,16.8,2.0,15.47,6.0,13.5,13.65,3.0,19.0,18.47,3.0,16.06,6.0,15.55,30.0
57,6.25,7.38,0.0,14.0,14.6,2.0,10.99,4.0,15.5,15.35,2.0,14.0,13.77,3.0,14.4,5.0,14.5,14.8,2.0,15.75,15.0,3.0,14.92,5.0,13.75,15.18,4.0,15.18,4.0,2.0,4.6,0.0,19.0,19.0,2.0,10.5,11.3,2.0,11.63,6.0,16.5,15.75,3.0,11.0,11.22,3.0,13.48,6.0,13.4,30.0
58,8.5,8.65,0.0,8.5,10.22,2.0,9.44,2.0,9.5,10.4,2.0,17.0,16.55,3.0,14.09,5.0,13.75,13.82,2.0,15.0,14.92,3.0,14.48,5.0,15.0,15.19,4.0,15.19,4.0,10.0,11.3,2.0,18.0,18.0,2.0,12.0,12.5,2.0,13.93,6.0,13.0,13.04,3.0,13.0,13.22,3.0,13.13,6.0,13.46,28.0
59,9.0,10.65,2.0,9.5,11.08,2.0,10.86,4.0,13.5,12.38,2.0,14.5,14.95,3.0,13.92,5.0,11.75,12.46,2.0,16.5,15.6,3.0,14.34,5.0,13.75,14.2,4.0,14.2,4.0,8.0,8.8,0.0,18.0,18.0,2.0,8.0,9.4,0.0,12.07,6.0,8.75,8.82,0.0,7.0,7.9,0.0,8.36,0.0,12.14,24.0
60,10.5,10.5,2.0,10.5,8.92,0.0,9.71,2.0,13.0,12.48,2.0,10.5,9.98,0.0,10.98,5.0,13.25,12.69,2.0,12.0,12.37,3.0,12.5,5.0,15.0,12.75,4.0,12.75,4.0,5.0,6.8,0.0,17.5,17.5,2.0,18.0,14.4,2.0,12.9,6.0,13.0,11.95,3.0,11.0,9.35,0.0,10.65,6.0,11.62,28.0
61,1.0,1.9,0.0,12.0,10.2,2.0,6.05,2.0,12.0,9.9,0.0,6.0,8.1,0.0,8.82,0.0,14.25,13.35,2.0,12.0,11.77,3.0,12.4,5.0,11.5,12.7,4.0,12.7,4.0,10.0,11.0,2.0,18.0,18.0,2.0,10.0,10.8,2.0,13.27,6.0,12.5,12.2,3.0,7.0,8.2,0.0,10.2,6.0,10.73,23.0
62,0.5,1.55,0.0,13.0,13.75,2.0,7.65,2.0,9.5,11.08,2.0,16.0,16.0,3.0,14.03,5.0,13.5,13.05,2.0,11.75,12.88,3.0,12.95,5.0,14.25,13.69,4.0,13.69,4.0,10.0,11.0,2.0,18.0,18.0,2.0,11.0,11.7,2.0,13.57,6.0,10.5,11.48,3.0,1.0,2.88,0.0,7.18,3.0,11.49,25.0
63,13.75,14.42,2.0,12.0,13.05,2.0,13.74,4.0,17.0,15.46,2.0,15.5,15.65,3.0,15.57,5.0,8.25,9.79,0.0,11.25,12.75,3.0,11.57,5.0,15.25,15.85,4.0,15.85,4.0,8.0,9.4,0.0,17.0,17.0,2.0,13.0,13.3,2.0,13.23,6.0,13.5,13.58,3.0,14.0,14.45,3.0,14.02,6.0,13.92,30.0
64,11.0,9.05,0.0,17.5,16.38,2.0,12.72,4.0,12.0,10.65,2.0,15.0,15.0,3.0,13.26,5.0,13.75,13.68,2.0,14.25,14.02,3.0,13.88,5.0,15.25,14.39,4.0,14.39,4.0,3.0,5.0,0.0,16.0,16.0,2.0,15.0,12.0,2.0,11.0,6.0,9.5,11.15,3.0,14.0,14.08,3.0,12.62,6.0,12.86,30.0
65,2.0,4.1,0.0,3.0,4.05,0.0,4.07,0.0,3.5,5.07,0.0,9.5,11.3,3.0,8.81,3.0,5.25,6.86,0.0,8.0,8.15,0.0,7.63,0.0,10.75,11.54,4.0,11.54,4.0,6.0,7.8,0.0,17.5,17.5,2.0,9.5,7.6,0.0,10.97,6.0,9.0,9.3,0.0,8.0,9.12,0.0,9.21,0.0,8.86,13.0
66,2.5,4.15,0.0,10.5,11.92,2.0,8.04,2.0,10.0,10.6,2.0,4.0,7.45,0.0,8.71,2.0,3.25,5.5,0.0,11.75,11.6,3.0,9.16,3.0,11.5,12.02,4.0,12.02,4.0,2.0,4.7,0.0,19.0,19.0,2.0,0.0,0.0,0.0,7.9,2.0,13.0,12.85,3.0,4.5,5.92,0.0,9.38,3.0,9.11,16.0
67,5.0,7.1,0.0,10.0,11.5,2.0,9.3,2.0,6.0,8.25,0.0,13.5,14.4,3.0,11.94,5.0,5.0,7.32,0.0,9.25,10.9,3.0,9.47,3.0,9.25,11.27,4.0,11.27,4.0,14.0,14.4,2.0,18.0,18.0,2.0,10.0,8.0,0.0,13.47,6.0,13.0,13.3,3.0,5.0,6.42,0.0,9.86,3.0,10.98,23.0
68,14.5,14.95,2.0,16.5,17.02,2.0,15.98,4.0,11.0,11.75,2.0,17.0,16.62,3.0,14.67,5.0,13.25,13.92,2.0,18.0,17.36,3.0,15.98,5.0,14.0,13.1,4.0,13.1,4.0,11.0,11.6,2.0,17.0,17.0,2.0,11.5,11.9,2.0,13.5,6.0,10.0,11.65,3.0,12.5,10.62,3.0,11.14,6.0,13.91,30.0
69,0.0,0.0,0.0,0.0,0.0,0.0,0.0,0.0,0.0,0.75,0.0,0.0,0.0,0.0,0.3,0.0,0.0,0.0,0.0,0.0,0.0,0.0,0.0,0.0,0.0,1.5,0.0,1.5,0.0,0.0,0.0,0.0,17.0,17.0,2.0,0.0,0.0,0.0,5.67,2.0,0.0,0.0,0.0,0.0,0.0,0.0,0.0,0.0,1.38,2.0
70,10.0,11.2,2.0,11.5,12.77,2.0,11.98,4.0,15.75,15.37,2.0,13.0,13.68,3.0,14.36,5.0,13.0,14.01,2.0,19.0,17.91,3.0,16.35,5.0,14.75,15.58,4.0,15.58,4.0,14.0,14.0,2.0,19.0,19.0,2.0,16.0,15.7,2.0,16.23,6.0,16.5,16.88,3.0,19.5,19.05,3.0,17.96,6.0,15.63,30.0
71,0.0,2.4,0.0,1.0,0.85,0.0,1.62,0.0,0.75,2.66,0.0,0.0,3.97,0.0,3.45,0.0,3.5,5.22,0.0,4.75,5.8,0.0,5.57,0.0,6.25,8.99,0.0,8.99,0.0,1.0,0.8,0.0,19.0,19.0,2.0,8.75,9.9,0.0,9.9,2.0,2.5,4.45,0.0,9.5,9.95,0.0,7.2,0.0,6.34,2.0
72,9.5,9.05,0.0,11.5,9.77,0.0,9.41,0.0,13.0,11.27,2.0,12.5,12.58,3.0,12.06,5.0,9.0,11.06,2.0,11.5,9.74,0.0,10.27,5.0,13.25,12.35,4.0,12.35,4.0,5.5,7.0,0.0,16.5,16.5,2.0,17.0,13.6,2.0,12.37,6.0,9.0,10.27,3.0,10.0,10.38,3.0,10.33,6.0,11.16,26.0
73,10.5,11.55,2.0,18.0,18.0,2.0,14.78,4.0,9.0,10.5,2.0,15.0,15.45,3.0,13.47,5.0,10.25,11.98,2.0,11.75,12.91,3.0,12.54,5.0,11.75,12.5,4.0,12.5,4.0,7.0,8.6,0.0,18.0,18.0,2.0,10.5,11.1,2.0,12.57,6.0,11.5,11.27,3.0,13.0,13.3,3.0,12.29,6.0,12.94,30.0
74,7.5,9.75,0.0,4.5,5.02,0.0,7.38,0.0,3.5,4.62,0.0,11.5,12.7,3.0,9.47,3.0,11.5,12.1,2.0,11.0,11.97,3.0,12.02,5.0,10.25,11.3,4.0,11.3,4.0,3.0,5.0,0.0,16.0,16.0,2.0,14.0,14.2,2.0,11.73,6.0,10.0,10.45,3.0,9.5,9.95,0.0,10.2,6.0,10.46,24.0
75,0.0,0.6,0.0,3.0,2.55,0.0,1.58,0.0,10.75,7.52,0.0,0.0,0.6,0.0,3.37,0.0,5.5,5.65,0.0,15.0,14.77,3.0,11.12,5.0,10.0,10.08,4.0,10.08,4.0,5.0,4.0,0.0,19.0,19.0,2.0,12.5,13.2,2.0,12.07,6.0,7.0,7.15,0.0,2.0,3.2,0.0,5.18,0.0,7.42,15.0
76,12.75,13.27,2.0,19.5,18.75,2.0,16.01,4.0,16.5,16.2,2.0,8.5,10.15,3.0,12.57,5.0,11.5,12.74,2.0,17.0,16.25,3.0,14.85,5.0,12.25,13.22,4.0,13.22,4.0,8.0,9.2,0.0,17.5,17.5,2.0,15.5,15.1,2.0,13.93,6.0,12.5,14.11,3.0,16.5,16.28,3.0,15.2,6.0,14.29,30.0
77,5.0,5.9,0.0,4.0,3.4,0.0,4.65,0.0,10.0,9.4,0.0,5.5,8.42,0.0,8.81,0.0,9.5,10.36,2.0,12.75,12.3,3.0,11.52,5.0,13.5,13.12,4.0,13.12,4.0,10.0,10.8,2.0,17.0,17.0,2.0,9.0,9.8,0.0,12.53,6.0,9.5,11.67,3.0,10.5,10.42,3.0,11.04,6.0,10.47,21.0
78,4.0,7.15,0.0,18.0,18.22,2.0,12.68,4.0,11.25,10.35,2.0,12.0,13.05,3.0,11.97,5.0,8.25,9.98,0.0,8.25,9.3,0.0,9.57,0.0,14.25,14.32,4.0,14.32,4.0,11.0,11.4,2.0,18.0,18.0,2.0,16.0,15.7,2.0,15.03,6.0,13.5,13.88,3.0,14.5,14.65,3.0,14.26,6.0,13.05,25.0
79,10.0,9.7,0.0,16.5,14.02,2.0,11.86,4.0,1.0,1.75,0.0,14.0,14.38,3.0,9.33,3.0,3.0,3.52,0.0,1.0,1.75,0.0,2.46,0.0,7.5,6.98,0.0,6.98,0.0,10.5,8.4,0.0,16.5,16.5,2.0,15.5,12.4,2.0,12.43,6.0,13.5,9.6,0.0,15.5,13.17,3.0,11.38,6.0,9.24,19.0
80,9.0,9.75,0.0,20.0,17.0,2.0,13.38,4.0,15.0,11.7,2.0,14.0,13.92,3.0,13.03,5.0,9.0,9.41,0.0,11.5,11.42,3.0,10.62,5.0,7.25,9.42,0.0,9.42,0.0,11.0,11.4,2.0,17.0,17.0,2.0,7.5,8.9,0.0,12.43,6.0,11.0,10.85,3.0,11.5,12.17,3.0,11.51,6.0,11.77,26.0
81,4.75,4.52,0.0,3.0,2.55,0.0,3.53,0.0,5.0,5.6,0.0,4.5,7.8,0.0,6.92,0.0,7.75,6.44,0.0,6.75,6.45,0.0,6.45,0.0,11.75,10.4,4.0,10.4,4.0,7.0,8.2,0.0,17.0,17.0,2.0,16.5,13.2,2.0,12.8,6.0,14.0,11.3,3.0,3.0,2.55,0.0,6.93,3.0,8.03,13.0
82,12.5,12.65,2.0,20.0,19.92,2.0,16.28,4.0,14.75,15.39,2.0,14.5,15.02,3.0,15.17,5.0,13.5,14.21,2.0,16.75,16.71,3.0,15.71,5.0,15.75,16.12,4.0,16.12,4.0,14.0,14.0,2.0,17.5,17.5,2.0,15.5,15.2,2.0,15.57,6.0,10.5,11.62,3.0,19.0,18.4,3.0,15.01,6.0,15.58,30.0
83,4.5,6.45,0.0,15.5,15.88,2.0,11.17,4.0,11.25,12.34,2.0,9.0,10.88,3.0,11.46,5.0,10.25,11.38,2.0,11.5,11.65,3.0,11.54,5.0,11.25,12.3,4.0,12.3,4.0,12.0,12.4,2.0,17.0,17.0,2.0,15.0,12.0,2.0,13.8,6.0,14.5,14.35,3.0,12.25,12.81,3.0,13.58,6.0,12.44,30.0
84,2.5,3.85,0.0,1.5,4.2,0.0,4.02,0.0,10.5,9.11,0.0,11.5,12.77,3.0,11.31,5.0,6.5,7.92,0.0,2.75,4.81,0.0,6.05,0.0,12.75,13.42,4.0,13.42,4.0,8.5,9.6,0.0,18.0,18.0,2.0,13.5,14.0,2.0,13.87,6.0,10.75,11.72,3.0,13.0,13.38,3.0,12.55,6.0,10.5,21.0
85,0.0,0.0,0.0,0.0,0.0,0.0,0.0,0.0,0.0,0.0,0.0,0.0,0.0,0.0,0.0,0.0,0.0,0.0,0.0,0.0,0.0,0.0,0.0,0.0,0.0,0.0,0.0,0.0,0.0,0.0,0.0,0.0,15.0,15.0,2.0,0.0,0.0,0.0,5.0,2.0,0.0,0.0,0.0,0.0,0.0,0.0,0.0,0.0,1.0,2.0
86,18.0,18.3,2.0,18.5,18.72,2.0,18.51,4.0,10.5,12.38,2.0,18.5,17.97,3.0,15.73,5.0,15.5,15.58,2.0,18.0,17.55,3.0,16.76,5.0,15.0,15.56,4.0,15.56,4.0,11.0,12.0,2.0,17.0,17.0,2.0,18.0,14.4,2.0,14.47,6.0,13.0,14.8,3.0,17.5,17.35,3.0,16.08,6.0,16.07,30.0
87,5.0,5.6,0.0,9.5,9.58,0.0,7.59,0.0,10.0,8.28,0.0,17.0,16.4,3.0,13.15,5.0,6.5,8.26,0.0,9.5,9.95,0.0,9.27,0.0,13.0,12.77,4.0,12.77,4.0,2.0,4.0,0.0,17.0,17.0,2.0,11.5,11.8,2.0,10.93,6.0,11.0,11.08,3.0,16.5,16.12,3.0,13.6,6.0,11.36,21.0
88,9.75,10.12,2.0,13.5,14.47,2.0,12.3,4.0,11.0,12.8,2.0,17.0,16.4,3.0,14.96,5.0,14.25,13.8,2.0,11.0,11.9,3.0,12.66,5.0,10.0,11.09,4.0,11.09,4.0,5.0,6.6,0.0,17.0,17.0,2.0,10.5,11.2,2.0,11.6,6.0,14.5,15.1,3.0,17.5,17.05,3.0,16.08,6.0,13.26,30.0
89,12.25,12.48,2.0,18.0,16.58,2.0,14.53,4.0,14.25,13.72,2.0,15.5,15.27,3.0,14.65,5.0,13.5,14.17,2.0,17.25,16.95,3.0,15.84,5.0,14.75,15.39,4.0,15.39,4.0,10.0,10.8,2.0,19.0,19.0,2.0,14.0,14.2,2.0,14.67,6.0,10.5,11.17,3.0,15.5,14.98,3.0,13.07,6.0,14.62,30.0
90,7.0,6.1,0.0,16.5,14.02,2.0,10.06,4.0,12.25,9.74,0.0,14.0,13.85,3.0,12.21,5.0,12.25,10.22,2.0,12.5,11.9,3.0,11.23,5.0,8.0,8.15,0.0,8.15,0.0,6.0,7.2,0.0,17.0,17.0,2.0,10.0,10.7,2.0,11.63,6.0,12.5,11.3,3.0,1.0,0.85,0.0,6.08,3.0,9.88,23.0
91,7.5,10.5,2.0,18.0,18.15,2.0,14.32,4.0,15.0,15.04,2.0,13.0,13.45,3.0,14.09,5.0,13.75,14.2,2.0,13.25,13.06,3.0,13.52,5.0,13.5,14.55,4.0,14.55,4.0,6.5,8.0,0.0,18.0,18.0,2.0,13.5,13.8,2.0,13.27,6.0,14.5,14.35,3.0,16.0,16.0,3.0,15.17,6.0,14.14,30.0
92,11.0,9.2,0.0,11.5,9.77,0.0,9.48,0.0,7.75,8.88,0.0,13.5,13.88,3.0,11.88,5.0,11.75,11.6,2.0,16.5,15.86,3.0,14.16,5.0,15.25,15.17,4.0,15.17,4.0,10.5,11.0,2.0,19.0,19.0,2.0,12.5,12.7,2.0,14.23,6.0,12.0,12.37,3.0,11.5,9.77,0.0,11.07,6.0,12.69,26.0
93,0.0,0.6,0.0,1.0,0.85,0.0,0.72,0.0,0.0,0.38,0.0,0.0,3.3,0.0,2.13,0.0,11.5,9.29,0.0,0.0,0.22,0.0,3.85,0.0,8.25,7.27,0.0,7.27,0.0,2.0,1.6,0.0,15.0,15.0,2.0,10.5,8.4,0.0,8.33,2.0,10.0,7.3,0.0,9.25,7.86,0.0,7.58,0.0,5.24,2.0
94,10.0,10.0,2.0,13.0,14.05,2.0,12.02,4.0,13.5,14.02,2.0,17.0,16.62,3.0,15.58,5.0,14.0,14.0,2.0,18.0,17.74,3.0,16.24,5.0,14.0,15.27,4.0,15.27,4.0,12.0,12.6,2.0,19.0,19.0,2.0,12.5,13.0,2.0,14.87,6.0,16.0,15.62,3.0,10.0,10.75,3.0,13.18,6.0,14.55,30.0
95,0.0,0.0,0.0,19.0,16.15,2.0,8.08,2.0,0.0,0.0,0.0,0.0,2.55,0.0,1.53,0.0,0.0,0.0,0.0,0.0,0.0,0.0,0.0,0.0,9.5,6.65,0.0,6.65,0.0,12.0,12.6,2.0,17.0,17.0,2.0,0.0,0.0,0.0,9.87,4.0,12.0,8.4,0.0,1.0,0.85,0.0,4.63,0.0,5.12,6.0
96,6.5,8.0,0.0,5.0,4.25,0.0,6.12,0.0,3.0,4.05,0.0,17.0,16.78,3.0,11.69,5.0,3.0,5.21,0.0,17.0,15.5,3.0,11.38,5.0,17.25,16.65,4.0,16.65,4.0,2.0,4.4,0.0,18.5,18.5,2.0,13.0,10.4,2.0,11.1,6.0,7.0,6.25,0.0,5.0,6.5,0.0,6.38,0.0,10.38,20.0
97,0.0,0.0,0.0,1.0,1.0,0.0,0.5,0.0,0.0,0.0,0.0,0.0,0.0,0.0,0.0,0.0,1.5,1.5,0.0,0.0,0.0,0.0,0.6,0.0,2.0,2.0,0.0,2.0,0.0,6.0,6.0,0.0,17.0,17.0,2.0,0.0,0.0,0.0,7.67,2.0,0.0,0.0,0.0,1.0,1.0,0.0,0.5,0.0,2.07,2.0
98,0.0,0.0,0.0,1.0,0.85,0.0,0.42,0.0,2.0,1.4,0.0,3.0,4.65,0.0,3.35,0.0,6.75,5.62,0.0,0.5,0.35,0.0,2.46,0.0,4.75,3.32,0.0,3.32,0.0,10.0,11.0,2.0,17.0,17.0,2.0,10.5,8.4,0.0,12.13,6.0,10.5,8.1,0.0,1.0,0.85,0.0,4.48,0.0,4.79,6.0
99,4.5,4.2,0.0,20.0,17.75,2.0,10.98,4.0,11.5,11.8,2.0,16.5,16.42,3.0,14.57,5.0,10.5,10.72,2.0,16.25,15.61,3.0,13.65,5.0,12.75,12.37,4.0,12.37,4.0,5.5,7.5,0.0,17.0,17.0,2.0,11.0,11.7,2.0,12.07,6.0,11.5,11.8,3.0,1.0,3.02,0.0,7.41,3.0,11.71,27.0
100,15.75,14.17,2.0,10.5,11.85,2.0,13.01,4.0,13.0,11.88,2.0,14.0,14.08,3.0,13.2,5.0,10.75,11.69,2.0,15.5,14.6,3.0,13.44,5.0,11.25,12.52,4.0,12.52,4.0,10.0,11.2,2.0,18.5,18.5,2.0,13.0,13.3,2.0,14.33,6.0,13.5,12.6,3.0,15.5,15.2,3.0,13.9,6.0,13.49,30.0
101,7.5,8.48,0.0,11.0,11.15,2.0,9.82,2.0,9.5,9.95,0.0,9.0,11.18,3.0,10.69,5.0,8.5,9.62,0.0,10.0,11.2,3.0,10.57,5.0,15.25,15.29,4.0,15.29,4.0,11.0,11.1,2.0,17.5,17.5,2.0,12.0,12.4,2.0,13.67,6.0,14.0,14.15,3.0,9.0,11.18,3.0,12.67,6.0,12.16,28.0
102,16.5,15.3,2.0,13.5,14.7,2.0,15.0,4.0,10.0,10.82,2.0,6.5,9.5,0.0,10.03,5.0,-1.0,6.5,0.0,15.5,14.49,3.0,11.29,5.0,16.5,15.67,4.0,15.67,4.0,10.0,10.1,2.0,18.0,18.0,2.0,15.0,14.8,2.0,14.3,6.0,13.0,12.32,3.0,12.0,12.75,3.0,12.54,6.0,13.01,30.0
103,18.5,17.0,2.0,17.25,14.62,2.0,15.81,4.0,14.0,14.52,2.0,13.0,13.9,3.0,14.15,5.0,8.75,10.48,2.0,14.75,15.58,3.0,13.54,5.0,11.5,13.38,4.0,13.38,4.0,12.5,12.8,2.0,18.0,18.0,2.0,11.0,8.8,0.0,13.2,6.0,16.0,16.08,3.0,13.0,14.12,3.0,15.1,6.0,14.17,30.0
104,10.0,10.68,2.0,10.0,11.65,2.0,11.16,4.0,13.0,10.38,2.0,8.0,10.48,3.0,10.44,5.0,10.0,10.3,2.0,10.25,10.59,3.0,10.47,5.0,12.0,12.26,4.0,12.26,4.0,11.0,10.8,2.0,18.0,18.0,2.0,12.0,12.2,2.0,13.67,6.0,11.0,11.82,3.0,10.0,11.35,3.0,11.58,6.0,11.66,30.0
105,19.25,17.68,2.0,17.25,17.62,2.0,17.65,4.0,15.75,15.75,2.0,14.0,14.82,3.0,15.19,5.0,14.5,14.5,2.0,11.25,12.45,3.0,13.27,5.0,17.5,17.58,4.0,17.58,4.0,12.0,11.6,2.0,18.0,18.0,2.0,14.5,15.0,2.0,14.87,6.0,15.5,16.32,3.0,15.0,15.6,3.0,15.96,6.0,15.61,30.0
106,15.25,13.37,2.0,8.0,9.35,0.0,11.36,4.0,12.5,12.12,2.0,9.5,11.45,3.0,11.72,5.0,8.5,9.51,0.0,11.5,12.29,3.0,11.18,5.0,13.5,14.44,4.0,14.44,4.0,10.0,9.6,0.0,17.5,17.5,2.0,14.0,14.0,2.0,13.7,6.0,17.5,16.68,3.0,12.0,13.58,3.0,15.13,6.0,13.02,30.0
107,14.25,13.72,2.0,15.5,16.25,2.0,14.98,4.0,14.25,14.25,2.0,15.5,15.95,3.0,15.27,5.0,4.0,-1.0,0.0,10.5,11.62,3.0,9.5,3.0,11.0,12.8,4.0,12.8,4.0,12.5,12.4,2.0,18.0,18.0,2.0,11.0,12.2,2.0,14.2,6.0,13.5,13.65,3.0,8.0,10.96,3.0,12.31,6.0,13.13,28.0
108,8.5,9.55,0.0,5.5,8.5,0.0,9.02,0.0,4.5,4.8,0.0,8.0,5.6,0.0,5.28,0.0,1.0,3.77,0.0,0.0,0.0,0.0,1.51,0.0,7.25,8.9,0.0,8.9,0.0,0.0,0.0,0.0,0.0,0.0,0.0,0.0,0.0,0.0,0.0,0.0,4.0,4.3,0.0,3.0,4.5,0.0,4.4,0.0,4.4,0.0
109,16.5,16.5,2.0,17.25,16.12,2.0,16.31,4.0,14.0,14.0,2.0,12.5,13.77,3.0,13.86,5.0,12.5,13.1,2.0,16.25,16.29,3.0,15.01,5.0,12.0,13.27,4.0,13.27,4.0,13.5,13.8,2.0,18.0,18.0,2.0,9.0,10.0,2.0,13.93,6.0,13.25,14.37,3.0,11.5,13.08,3.0,13.72,6.0,14.29,30.0
110,12.0,11.62,2.0,15.0,15.15,2.0,13.38,4.0,12.25,12.1,2.0,12.5,13.55,3.0,12.97,5.0,9.25,9.85,0.0,14.75,14.56,3.0,12.68,5.0,10.5,11.51,4.0,11.51,4.0,10.5,9.8,0.0,18.0,18.0,2.0,13.5,13.4,2.0,13.73,6.0,13.25,14.08,3.0,7.5,9.82,0.0,11.95,6.0,12.73,30.0
111,16.5,14.62,2.0,16.5,17.4,2.0,16.01,4.0,12.5,12.12,2.0,9.0,11.4,3.0,11.69,5.0,12.5,11.9,2.0,12.5,13.1,3.0,12.62,5.0,14.5,15.1,4.0,15.1,4.0,5.0,5.5,0.0,18.0,18.0,2.0,9.5,9.6,0.0,11.03,6.0,13.0,13.75,3.0,13.0,13.75,3.0,13.75,6.0,13.16,30.0
112,13.25,12.05,2.0,10.5,12.6,2.0,12.32,4.0,10.0,8.8,0.0,11.0,11.97,3.0,10.7,5.0,11.5,10.0,2.0,15.75,13.35,3.0,12.01,5.0,9.0,10.01,4.0,10.01,4.0,11.0,10.4,2.0,17.5,17.5,2.0,10.0,10.8,2.0,12.9,6.0,9.0,7.95,0.0,7.0,8.27,0.0,8.11,0.0,10.96,24.0
113,10.75,11.12,2.0,10.0,10.15,2.0,10.64,4.0,3.5,5.82,0.0,-1.0,11.9,3.0,9.47,3.0,3.75,3.22,0.0,6.75,6.41,0.0,5.13,0.0,8.0,9.05,0.0,9.05,0.0,-1.0,-1.0,-1.0,-1.0,-1.0,-1.0,-1.0,-1.0,-1.0,10.0,6.0,6.25,7.68,0.0,12.5,12.35,3.0,10.01,6.0,9.06,19.0
114,14.75,15.42,2.0,15.0,15.75,2.0,15.58,4.0,10.75,10.75,2.0,14.5,15.02,3.0,13.31,5.0,9.25,9.32,0.0,14.5,13.45,3.0,11.8,5.0,9.5,10.66,4.0,10.66,4.0,13.0,12.5,2.0,17.5,17.5,2.0,12.0,12.3,2.0,14.1,6.0,13.75,13.3,3.0,12.5,12.5,3.0,12.9,6.0,13.08,30.0
115,11.5,13.45,2.0,-1.0,-1.0,0.0,11.36,4.0,12.0,12.6,2.0,10.5,12.15,3.0,12.33,5.0,9.0,11.02,2.0,14.5,14.2,3.0,12.93,5.0,10.0,12.1,4.0,12.1,4.0,15.0,15.3,2.0,17.5,17.5,2.0,14.0,11.2,2.0,14.67,6.0,10.5,12.75,3.0,12.0,13.58,3.0,13.17,6.0,12.91,30.0
116,18.0,17.78,2.0,17.75,16.17,2.0,16.98,4.0,13.5,13.88,2.0,14.5,15.32,3.0,14.74,5.0,11.0,11.82,2.0,17.25,16.8,3.0,14.81,5.0,15.5,15.65,4.0,15.65,4.0,12.0,12.4,2.0,17.5,17.5,2.0,13.0,12.6,2.0,14.17,6.0,13.0,14.27,3.0,14.0,14.97,3.0,14.62,6.0,15.03,30.0
117,14.25,14.92,2.0,16.0,15.85,2.0,15.38,4.0,12.5,14.08,2.0,10.0,11.95,3.0,12.8,5.0,9.25,10.52,2.0,16.75,15.59,3.0,13.56,5.0,15.5,15.58,4.0,15.58,4.0,15.0,14.1,2.0,17.5,17.5,2.0,9.0,9.4,0.0,13.67,6.0,14.0,15.2,3.0,10.0,11.2,3.0,13.2,6.0,13.9,30.0
118,18.0,16.05,2.0,16.0,16.75,2.0,16.4,4.0,12.5,13.18,2.0,15.5,15.88,3.0,14.8,5.0,13.5,13.69,2.0,17.25,16.5,3.0,15.38,5.0,15.5,15.76,4.0,15.76,4.0,12.0,11.3,2.0,17.5,17.5,2.0,10.0,10.6,2.0,13.13,6.0,14.75,15.05,3.0,10.0,12.32,3.0,13.69,6.0,14.68,30.0
119,15.75,14.47,2.0,14.0,13.55,2.0,14.01,4.0,14.0,13.25,2.0,9.5,11.82,3.0,12.39,5.0,11.5,12.32,2.0,16.25,16.02,3.0,14.54,5.0,14.0,14.79,4.0,14.79,4.0,10.0,9.5,0.0,18.0,18.0,2.0,14.0,14.0,2.0,13.83,6.0,12.0,13.5,3.0,12.0,12.67,3.0,13.08,6.0,13.71,30.0
120,7.5,-1.0,0.0,14.25,14.32,2.0,11.47,4.0,14.0,14.08,2.0,10.5,12.08,3.0,12.88,5.0,9.5,-1.0,0.0,12.5,12.61,3.0,11.31,5.0,12.5,13.44,4.0,13.44,4.0,4.0,5.4,0.0,17.5,17.5,2.0,15.0,14.8,2.0,12.57,6.0,15.5,14.9,3.0,8.0,8.9,0.0,11.9,6.0,12.25,30.0
121,12.0,11.85,2.0,14.75,13.77,2.0,12.81,4.0,12.25,12.48,2.0,14.5,15.25,3.0,14.14,5.0,12.5,12.95,2.0,15.0,15.19,3.0,14.29,5.0,14.0,14.75,4.0,14.75,4.0,12.0,11.9,2.0,17.5,17.5,2.0,13.0,13.0,2.0,14.13,6.0,15.0,15.3,3.0,12.5,13.55,3.0,14.43,6.0,14.12,30.0
122,7.5,7.57,0.0,10.5,12.3,2.0,9.94,2.0,10.5,8.32,0.0,4.5,8.1,0.0,8.19,0.0,5.75,7.06,0.0,8.25,8.55,0.0,7.95,0.0,8.75,9.28,0.0,9.28,0.0,13.0,11.3,2.0,17.5,17.5,2.0,13.0,10.4,2.0,13.07,6.0,12.0,12.82,3.0,9.0,10.12,3.0,11.47,6.0,10.16,14.0
123,12.0,10.0,2.0,5.7,7.7,0.0,9.0,2.0,9.0,9.0,0.0,7.0,8.1,0.0,8.4,0.0,9.5,9.6,0.0,6.7,5.8,0.0,7.3,0.0,7.0,9.7,0.0,9.7,0.0,10.0,10.0,2.0,-1.0,16.0,2.0,12.0,11.0,2.0,12.0,6.0,9.5,9.2,0.0,9.0,9.98,0.0,9.59,0.0,9.53,8.0
124,3.5,4.92,0.0,15.0,14.25,2.0,9.58,2.0,15.0,13.72,2.0,6.5,6.2,0.0,9.21,2.0,7.0,8.5,0.0,9.0,9.6,0.0,9.16,0.0,17.0,16.25,4.0,16.25,4.0,7.0,5.6,0.0,17.5,17.5,2.0,10.0,9.0,0.0,10.7,6.0,18.5,16.7,3.0,4.5,6.9,0.0,11.8,6.0,11.01,20.0
125,15.0,13.95,2.0,13.0,13.75,2.0,13.85,4.0,17.5,17.42,2.0,13.5,12.98,3.0,14.76,5.0,14.0,13.25,2.0,18.75,17.48,3.0,15.79,5.0,13.25,13.7,4.0,13.7,4.0,6.5,6.8,0.0,18.0,18.0,2.0,11.0,10.4,2.0,11.73,6.0,17.0,16.92,3.0,10.0,11.95,3.0,14.44,6.0,14.0,30.0
126,16.75,16.0,2.0,18.5,17.9,2.0,16.95,4.0,19.5,17.47,2.0,13.5,13.88,3.0,15.32,5.0,12.25,12.92,2.0,16.75,16.41,3.0,15.01,5.0,18.5,18.28,4.0,18.28,4.0,13.0,12.6,2.0,18.0,18.0,2.0,11.0,11.2,2.0,13.93,6.0,15.0,16.2,3.0,11.0,13.32,3.0,14.76,6.0,15.49,30.0
127,16.75,16.75,2.0,13.5,14.7,2.0,15.72,4.0,-1.0,11.08,2.0,10.5,12.08,3.0,11.68,5.0,8.0,-1.0,0.0,13.75,14.72,3.0,12.48,5.0,13.25,14.15,4.0,14.15,4.0,10.0,9.6,0.0,18.0,18.0,2.0,11.0,11.4,2.0,13.0,6.0,13.5,14.47,3.0,11.0,12.95,3.0,13.71,6.0,13.35,30.0
128,12.0,12.37,2.0,14.0,14.45,2.0,13.41,4.0,13.0,14.65,2.0,13.0,13.68,3.0,14.07,5.0,7.0,9.32,0.0,9.75,10.88,3.0,10.26,5.0,12.0,12.9,4.0,12.9,4.0,14.0,14.4,2.0,18.0,18.0,2.0,13.0,13.4,2.0,15.27,6.0,13.0,14.05,3.0,11.0,12.2,3.0,13.12,6.0,13.24,30.0
129,15.25,14.58,2.0,16.0,16.0,2.0,15.29,4.0,16.0,16.15,2.0,10.0,12.02,3.0,13.67,5.0,12.0,12.45,2.0,18.25,17.35,3.0,15.39,5.0,12.5,14.08,4.0,14.08,4.0,8.0,7.4,0.0,17.5,17.5,2.0,10.0,10.0,2.0,11.63,6.0,14.5,13.9,3.0,7.0,9.1,0.0,11.5,6.0,13.39,30.0
130,1.0,4.15,0.0,8.75,9.88,0.0,7.02,0.0,17.0,15.2,2.0,11.5,12.32,3.0,13.47,5.0,11.0,10.29,2.0,11.0,11.56,3.0,11.05,5.0,11.0,11.75,4.0,11.75,4.0,13.5,12.2,2.0,18.0,18.0,2.0,10.0,10.4,2.0,13.53,6.0,12.0,12.3,3.0,11.0,11.08,3.0,11.69,6.0,11.63,26.0
131,10.5,10.8,2.0,18.75,17.18,2.0,13.99,4.0,15.0,14.25,2.0,7.5,9.15,0.0,11.19,5.0,13.5,12.3,2.0,18.5,15.69,3.0,14.33,5.0,9.25,11.2,4.0,11.2,4.0,10.0,10.2,2.0,17.5,17.5,2.0,10.0,10.4,2.0,12.7,6.0,16.25,14.98,3.0,11.0,12.58,3.0,13.78,6.0,12.91,30.0
132,13.5,12.75,2.0,10.0,11.5,2.0,12.12,4.0,-1.0,10.3,2.0,10.0,10.52,3.0,10.43,5.0,8.5,-1.0,0.0,14.75,14.64,3.0,12.62,5.0,11.5,12.4,4.0,12.4,4.0,5.0,6.4,0.0,18.0,18.0,2.0,10.0,10.8,2.0,11.73,6.0,5.5,8.05,0.0,10.0,10.68,3.0,9.36,3.0,11.33,27.0
133,15.5,15.2,2.0,13.25,14.67,2.0,14.93,4.0,17.5,16.82,2.0,15.5,15.42,3.0,15.98,5.0,12.0,12.64,2.0,19.0,18.44,3.0,16.12,5.0,18.5,18.69,4.0,18.69,4.0,8.0,8.4,0.0,18.0,18.0,2.0,11.0,10.4,2.0,12.27,6.0,18.0,17.85,3.0,13.0,13.3,3.0,15.58,6.0,15.4,30.0
134,18.0,17.02,2.0,17.25,16.28,2.0,16.65,4.0,15.0,15.9,2.0,10.0,11.88,3.0,13.49,5.0,13.5,13.05,2.0,18.75,17.18,3.0,15.53,5.0,15.5,15.95,4.0,15.95,4.0,11.0,11.2,2.0,18.0,18.0,2.0,12.0,12.2,2.0,13.8,6.0,16.0,16.52,3.0,12.0,13.5,3.0,15.01,6.0,14.95,30.0
135,10.75,10.52,2.0,11.5,13.45,2.0,11.98,4.0,17.0,15.87,2.0,12.5,13.18,3.0,14.26,5.0,10.0,10.38,2.0,12.5,12.8,3.0,11.83,5.0,17.5,17.31,4.0,17.31,4.0,10.0,9.4,0.0,17.5,17.5,2.0,14.0,12.8,2.0,13.23,6.0,15.0,14.62,3.0,6.0,7.2,0.0,10.91,6.0,13.08,30.0
136,18.0,17.62,2.0,16.5,16.05,2.0,16.84,4.0,13.0,13.0,2.0,11.5,12.55,3.0,12.73,5.0,10.5,11.1,2.0,12.75,13.05,3.0,12.27,5.0,11.0,12.65,4.0,12.65,4.0,8.0,8.4,0.0,17.5,17.5,2.0,14.0,13.8,2.0,13.23,6.0,12.0,13.2,3.0,8.0,10.1,3.0,11.65,6.0,13.07,30.0
137,13.0,11.88,2.0,13.25,11.67,2.0,11.78,4.0,18.0,16.2,2.0,17.0,16.62,3.0,16.45,5.0,10.25,10.66,2.0,13.25,13.14,3.0,12.15,5.0,14.0,14.82,4.0,14.82,4.0,8.0,8.4,0.0,17.5,17.5,2.0,10.0,10.4,2.0,12.1,6.0,18.5,17.08,3.0,11.0,11.6,3.0,14.34,6.0,13.6,30.0
138,11.75,10.4,2.0,11.25,12.08,2.0,11.24,4.0,13.0,13.38,2.0,12.0,12.15,3.0,12.64,5.0,10.0,11.24,2.0,11.0,11.67,3.0,11.5,5.0,11.0,12.01,4.0,12.01,4.0,8.0,8.0,0.0,17.5,17.5,2.0,11.0,11.0,2.0,12.17,6.0,13.0,13.68,3.0,8.0,9.35,0.0,11.52,6.0,11.86,30.0
139,-1.0,3.38,0.0,-1.0,4.2,0.0,3.79,0.0,-1.0,4.27,0.0,-1.0,3.22,0.0,3.64,0.0,-1.0,3.15,0.0,-1.0,3.97,0.0,3.64,0.0,-1.0,4.65,0.0,4.65,0.0,13.5,13.0,2.0,17.5,17.5,2.0,12.0,12.0,2.0,14.17,6.0,-1.0,4.65,0.0,-1.0,5.4,0.0,5.03,0.0,6.18,6.0
140,7.5,-1.0,0.0,-1.0,10.62,2.0,-1.0,2.0,13.5,13.27,2.0,11.5,11.87,3.0,12.43,5.0,10.75,10.6,2.0,6.5,8.3,0.0,-1.0,2.0,8.5,10.9,4.0,10.9,4.0,10.0,9.6,0.0,17.5,17.5,2.0,14.0,12.8,2.0,13.3,6.0,14.5,14.5,3.0,5.0,8.15,0.0,11.33,6.0,11.21,25.0
141,11.25,11.25,2.0,11.5,12.25,2.0,11.75,4.0,15.5,15.05,2.0,11.0,12.72,3.0,13.65,5.0,10.25,10.77,2.0,13.25,13.25,3.0,12.26,5.0,13.25,14.37,4.0,14.37,4.0,0.0,2.0,0.0,18.0,18.0,2.0,15.0,14.4,2.0,11.47,6.0,14.5,14.58,3.0,8.0,10.48,3.0,12.53,6.0,12.6,30.0
142,13.5,9.45,0.0,-1.0,11.0,2.0,10.22,4.0,15.0,10.5,2.0,-1.0,11.85,3.0,11.31,5.0,-1.0,-1.0,-1.0,-1.0,-1.0,-1.0,10.13,5.0,-1.0,-1.0,-1.0,12.25,4.0,10.0,11.0,2.0,-1.0,17.5,2.0,13.0,13.4,2.0,13.97,6.0,-1.0,-1.0,-1.0,-1.0,-1.0,-1.0,11.28,6.0,11.62,30.0
143,15.5,14.6,2.0,11.0,12.35,2.0,13.48,4.0,11.0,11.9,2.0,15.0,15.52,3.0,14.07,5.0,12.5,11.94,2.0,14.5,14.72,3.0,13.61,5.0,16.5,16.88,4.0,16.88,4.0,15.0,14.6,2.0,17.5,17.5,2.0,13.0,13.2,2.0,15.1,6.0,8.5,10.97,3.0,9.5,12.27,3.0,11.62,6.0,14.01,30.0
144,12.5,12.05,2.0,11.0,12.2,2.0,12.12,4.0,7.5,-1.0,0.0,9.5,11.08,3.0,10.19,5.0,11.75,11.94,2.0,13.25,12.84,3.0,12.48,5.0,17.25,16.99,4.0,16.99,4.0,13.5,13.7,2.0,17.25,17.25,2.0,11.5,11.4,2.0,14.12,6.0,6.0,8.17,0.0,12.0,11.55,3.0,9.86,3.0,12.46,27.0
145,16.0,16.15,2.0,14.25,14.48,2.0,15.32,4.0,13.5,12.9,2.0,12.0,13.05,3.0,12.99,5.0,11.5,11.91,2.0,14.75,14.3,3.0,13.34,5.0,7.25,10.29,4.0,10.29,4.0,14.0,14.3,2.0,17.25,17.25,2.0,13.0,12.6,2.0,14.72,6.0,16.75,16.98,3.0,10.0,11.42,3.0,14.2,6.0,13.59,30.0
146,13.5,12.45,2.0,16.0,13.3,2.0,12.88,4.0,12.0,8.4,0.0,6.5,8.38,0.0,8.39,0.0,10.25,11.08,2.0,10.5,10.42,3.0,10.68,5.0,13.5,13.31,4.0,13.31,4.0,14.0,11.2,2.0,17.5,17.5,2.0,11.0,8.8,0.0,12.5,6.0,12.5,11.0,3.0,12.5,8.75,0.0,9.88,3.0,11.15,22.0
147,18.0,15.75,2.0,15.0,15.15,2.0,15.45,4.0,15.0,15.08,2.0,14.5,15.02,3.0,15.04,5.0,12.5,12.95,2.0,14.5,14.58,3.0,13.93,5.0,11.25,13.12,4.0,13.12,4.0,16.0,15.2,2.0,17.5,17.5,2.0,10.0,10.8,2.0,14.5,6.0,15.5,15.88,3.0,10.0,12.55,3.0,14.22,6.0,14.38,30.0
148,13.0,13.0,2.0,13.5,13.5,2.0,13.25,4.0,12.0,12.37,2.0,11.0,11.3,3.0,11.73,5.0,9.25,10.26,2.0,12.5,13.06,3.0,11.94,5.0,13.5,14.4,4.0,14.4,4.0,16.0,16.0,2.0,17.5,17.5,2.0,14.5,14.4,2.0,15.97,6.0,13.5,14.25,3.0,9.5,11.9,3.0,13.08,6.0,13.44,30.0
149,14.5,14.2,2.0,16.5,15.75,2.0,14.98,4.0,10.5,11.55,2.0,13.5,13.65,3.0,12.81,5.0,8.25,9.41,0.0,16.0,15.59,3.0,13.12,5.0,11.5,12.77,4.0,12.77,4.0,9.0,9.9,0.0,17.5,17.5,2.0,14.5,14.4,2.0,13.93,6.0,12.5,13.55,3.0,8.0,11.3,3.0,12.43,6.0,13.29,30.0
150,14.5,15.1,2.0,17.75,18.28,2.0,16.69,4.0,15.5,15.42,2.0,15.0,15.0,3.0,15.17,5.0,8.75,11.0,2.0,18.25,15.21,3.0,13.53,5.0,16.0,16.6,4.0,16.6,4.0,14.0,13.8,2.0,17.5,17.5,2.0,14.0,13.8,2.0,15.03,6.0,15.5,13.7,3.0,13.5,15.08,3.0,14.39,6.0,15.11,30.0
151,-1.0,0.0,0.0,-1.0,1.5,0.0,0.75,0.0,-1.0,0.0,0.0,-1.0,0.0,0.0,0.0,0.0,-1.0,0.0,0.0,-1.0,0.0,0.0,0.0,0.0,-1.0,1.8,0.0,1.8,0.0,0.0,0.0,0.0,0.0,0.0,0.0,0.0,0.0,0.0,0.0,0.0,-1.0,0.0,0.0,-1.0,0.0,0.0,0.0,0.0,0.34,0.0
152,18.0,16.2,2.0,16.75,17.12,2.0,16.66,4.0,15.75,15.45,2.0,19.0,17.65,3.0,16.77,5.0,12.0,11.77,2.0,19.5,18.38,3.0,15.74,5.0,10.5,12.3,4.0,12.3,4.0,16.0,15.4,2.0,17.5,17.5,2.0,12.0,9.6,0.0,14.17,6.0,15.0,15.6,3.0,8.0,10.7,3.0,13.15,6.0,14.74,30.0
153,-1.0,0.0,0.0,-1.0,1.5,0.0,0.75,0.0,-1.0,0.0,0.0,-1.0,0.0,0.0,0.0,0.0,-1.0,0.0,0.0,-1.0,0.0,0.0,0.0,0.0,-1.0,1.8,0.0,1.8,0.0,0.0,0.0,0.0,15.0,15.0,2.0,0.0,0.0,0.0,5.0,2.0,-1.0,0.0,0.0,-1.0,0.0,0.0,0.0,0.0,1.34,2.0
154,-1.0,0.9,0.0,-1.0,2.5,0.0,1.7,0.0,-1.0,0.0,0.0,-1.0,10.98,3.0,-1.0,3.0,-1.0,-1.0,0.0,-1.0,-1.0,0.0,0.3,0.0,-1.0,-1.0,-1.0,10.21,4.0,0.0,0.0,0.0,-1.0,19.0,2.0,0.0,0.0,0.0,-1.0,2.0,-1.0,0.9,0.0,-1.0,0.45,0.0,0.68,0.0,4.15,9.0
155,-1.0,0.0,0.0,-1.0,1.5,0.0,-1.0,0.0,-1.0,0.0,0.0,-1.0,0.0,0.0,0.0,0.0,-1.0,0.0,0.0,-1.0,0.0,0.0,0.0,0.0,-1.0,-1.0,0.0,-1.0,0.0,0.0,0.0,0.0,0.0,0.0,0.0,10.0,10.6,2.0,-1.0,2.0,-1.0,1.2,0.0,-1.0,0.0,0.0,0.6,0.0,1.29,2.0
156,17.0,16.4,2.0,15.75,15.97,2.0,16.18,4.0,11.5,11.95,2.0,13.0,12.62,3.0,12.35,5.0,10.5,11.48,2.0,14.75,14.67,3.0,13.39,5.0,12.5,13.7,4.0,13.7,4.0,14.0,14.3,2.0,17.25,17.25,2.0,9.0,9.6,0.0,13.72,6.0,13.0,13.08,3.0,11.0,13.1,3.0,13.09,6.0,13.64,30.0
157,16.0,14.72,2.0,11.0,12.65,2.0,13.68,4.0,14.0,11.6,2.0,15.0,15.3,3.0,13.82,5.0,10.75,11.42,2.0,10.25,11.34,3.0,11.37,5.0,12.0,13.05,4.0,13.05,4.0,12.0,11.6,2.0,17.25,17.25,2.0,8.0,8.8,0.0,12.55,6.0,13.75,13.68,3.0,9.0,11.4,3.0,12.54,6.0,12.78,30.0
158,13.0,11.58,2.0,14.0,13.7,2.0,12.64,4.0,10.0,11.2,2.0,13.5,12.52,3.0,11.99,5.0,7.0,-1.0,0.0,11.5,12.02,3.0,10.48,5.0,-1.0,11.12,4.0,11.12,4.0,8.0,8.6,0.0,17.5,17.5,2.0,7.0,8.6,0.0,11.57,6.0,9.0,10.95,3.0,7.0,9.62,0.0,10.28,6.0,11.28,30.0
159,1.0,2.2,0.0,-1.0,11.0,2.0,6.6,2.0,10.5,7.35,0.0,1.0,1.08,0.0,3.59,0.0,-1.0,11.5,2.0,2.0,1.4,0.0,5.44,2.0,-1.0,-1.0,-1.0,13.0,4.0,0.0,0.0,0.0,-1.0,15.0,2.0,0.0,0.0,0.0,5.0,2.0,-1.0,10.0,3.0,5.0,5.0,0.0,7.5,3.0,6.62,13.0
160,13.0,11.5,2.0,8.75,10.18,2.0,10.84,4.0,13.75,10.68,2.0,10.0,11.42,3.0,11.12,5.0,3.75,6.22,0.0,6.25,8.39,0.0,7.52,0.0,8.0,10.02,4.0,10.02,4.0,10.0,10.0,2.0,17.25,17.25,2.0,13.5,13.4,2.0,13.55,6.0,13.25,13.47,3.0,7.5,5.55,0.0,9.51,3.0,10.5,22.0
161,13.0,13.0,2.0,16.0,16.0,2.0,14.0,4.0,13.0,13.0,2.0,11.0,12.0,3.0,13.0,5.0,10.0,11.0,2.0,12.0,13.0,3.0,12.0,5.0,12.0,14.0,4.0,14.0,4.0,15.0,14.0,2.0,18.0,18.0,2.0,14.0,13.0,2.0,15.0,6.0,12.75,14.25,3.0,10.0,11.88,3.0,13.06,6.0,13.85,30.0
162,18.0,16.88,2.0,18.25,18.02,2.0,17.45,4.0,16.0,15.17,2.0,13.5,14.25,3.0,14.62,5.0,14.0,13.7,2.0,17.75,17.45,3.0,15.95,5.0,19.0,18.78,4.0,18.78,4.0,11.5,10.4,2.0,18.0,18.0,2.0,12.5,12.7,2.0,13.7,6.0,18.0,17.85,3.0,14.0,15.12,3.0,16.48,6.0,15.96,30.0
163,11.0,12.12,2.0,11.0,11.0,2.0,11.56,4.0,13.25,12.27,2.0,10.0,11.65,3.0,11.9,5.0,11.5,11.5,2.0,17.25,14.02,3.0,13.01,5.0,10.0,11.09,4.0,11.09,4.0,12.0,10.8,2.0,18.0,18.0,2.0,9.5,10.6,2.0,13.13,6.0,12.0,13.35,3.0,10.0,11.88,3.0,12.62,6.0,12.32,30.0
164,-1.0,0.0,0.0,-1.0,0.0,0.0,0.0,0.0,-1.0,0.0,0.0,-1.0,0.0,0.0,0.0,0.0,-1.0,0.0,0.0,-1.0,0.0,0.0,0.0,0.0,-1.0,0.0,0.0,0.0,0.0,0.0,0.0,0.0,-1.0,15.5,2.0,0.0,0.0,0.0,5.17,2.0,-1.0,0.0,0.0,-1.0,0.0,0.0,0.0,0.0,1.03,2.0
165,16.5,15.3,2.0,16.75,16.52,2.0,15.91,4.0,16.25,16.48,2.0,13.0,14.05,3.0,15.02,5.0,13.5,14.47,2.0,17.25,17.25,3.0,16.14,5.0,13.75,15.48,4.0,15.48,4.0,10.0,10.8,2.0,18.0,18.0,2.0,15.0,15.1,2.0,14.63,6.0,15.5,16.1,3.0,15.0,16.05,3.0,16.08,6.0,15.52,30.0
166,17.0,15.35,2.0,13.75,11.72,2.0,13.54,4.0,10.0,10.15,2.0,12.0,13.35,3.0,12.07,5.0,10.5,11.1,2.0,13.75,11.01,3.0,11.05,5.0,13.5,13.05,4.0,13.05,4.0,8.5,8.4,0.0,18.0,18.0,2.0,10.5,11.1,2.0,12.5,6.0,12.0,12.9,3.0,8.5,10.3,3.0,11.6,6.0,12.22,30.0
167,7.0,7.52,0.0,-1.0,12.5,2.0,10.01,4.0,-1.0,-1.0,-1.0,-1.0,-1.0,-1.0,10.22,5.0,6.0,7.87,0.0,13.25,11.94,3.0,10.31,5.0,-1.0,-1.0,-1.0,12.75,4.0,-1.0,-1.0,-1.0,-1.0,-1.0,-1.0,-1.0,-1.0,-1.0,10.83,6.0,12.0,11.1,3.0,-1.0,10.5,3.0,10.8,6.0,10.78,30.0
168,9.5,11.08,2.0,16.75,16.82,2.0,13.95,4.0,16.0,16.0,2.0,13.0,14.05,3.0,14.83,5.0,9.5,10.92,2.0,16.25,16.55,3.0,14.3,5.0,18.0,18.0,4.0,18.0,4.0,8.0,8.0,0.0,18.0,18.0,2.0,12.5,12.9,2.0,12.97,6.0,16.0,16.38,3.0,10.0,11.2,3.0,13.79,6.0,14.47,30.0
169,18.5,17.9,2.0,17.5,17.8,2.0,17.85,4.0,15.5,15.5,2.0,16.0,15.92,3.0,15.75,5.0,14.5,14.87,2.0,17.75,17.75,3.0,16.6,5.0,19.0,19.26,4.0,19.26,4.0,14.0,13.2,2.0,17.5,17.5,2.0,10.5,11.3,2.0,14.0,6.0,13.5,14.7,3.0,15.0,15.98,3.0,15.34,6.0,16.21,30.0
170,-1.0,0.0,0.0,-1.0,0.0,0.0,0.0,0.0,-1.0,0.0,0.0,-1.0,0.0,0.0,0.0,0.0,-1.0,0.0,0.0,-1.0,0.0,0.0,0.0,0.0,-1.0,1.8,0.0,1.8,0.0,0.0,0.0,0.0,0.0,0.0,0.0,0.0,0.0,0.0,0.0,0.0,-1.0,0.0,0.0,-1.0,0.0,0.0,0.0,0.0,0.24,0.0
171,16.0,13.75,2.0,11.0,12.35,2.0,13.05,4.0,13.0,13.38,2.0,10.5,12.6,3.0,12.91,5.0,14.0,13.32,2.0,17.25,16.84,3.0,15.43,5.0,11.5,13.22,4.0,13.22,4.0,10.5,10.0,2.0,19.0,19.0,2.0,14.5,14.6,2.0,14.53,6.0,14.0,14.82,3.0,7.0,9.7,0.0,12.26,6.0,13.58,30.0
172,14.5,14.42,2.0,8.25,10.12,2.0,12.27,4.0,14.0,13.62,2.0,11.5,13.08,3.0,13.3,5.0,8.5,9.02,0.0,14.75,14.41,3.0,12.25,5.0,11.5,12.74,4.0,12.74,4.0,12.0,11.8,2.0,18.0,18.0,2.0,13.5,13.5,2.0,14.43,6.0,16.0,14.88,3.0,13.0,14.05,3.0,14.47,6.0,13.37,30.0
173,11.75,12.88,2.0,18.0,16.65,2.0,14.76,4.0,14.0,13.4,2.0,13.5,14.47,3.0,14.04,5.0,15.0,15.04,2.0,18.75,17.92,3.0,16.77,5.0,16.25,16.7,4.0,16.7,4.0,10.5,10.0,2.0,18.0,18.0,2.0,14.5,14.1,2.0,14.03,6.0,14.5,14.72,3.0,16.5,16.42,3.0,15.57,6.0,15.25,30.0
174,16.5,16.72,2.0,17.5,16.45,2.0,16.58,4.0,17.5,17.35,2.0,13.0,13.79,3.0,15.21,5.0,14.5,15.4,2.0,18.75,17.66,3.0,16.76,5.0,18.0,18.34,4.0,18.34,4.0,12.5,12.1,2.0,17.25,17.25,2.0,14.0,14.2,2.0,14.52,6.0,14.0,15.05,3.0,11.5,13.67,3.0,14.36,6.0,15.76,30.0
175,14.75,14.0,2.0,13.25,13.47,2.0,13.74,4.0,15.0,14.32,2.0,13.5,14.4,3.0,14.37,5.0,15.5,14.98,2.0,15.75,15.26,3.0,15.15,5.0,10.0,11.72,4.0,11.72,4.0,14.0,13.5,2.0,18.0,18.0,2.0,13.0,13.1,2.0,14.87,6.0,13.5,14.17,3.0,10.5,12.75,3.0,13.46,6.0,13.98,30.0
176,6.0,-1.0,0.0,3.5,6.2,0.0,-1.0,0.0,5.0,6.2,0.0,7.0,-1.0,0.0,-1.0,0.0,3.5,-1.0,0.0,5.0,-1.0,0.0,-1.0,0.0,7.0,-1.0,0.0,-1.0,0.0,7.0,7.2,0.0,18.0,17.9,2.0,7.0,8.6,0.0,11.23,6.0,9.0,9.52,0.0,9.0,9.08,0.0,9.3,0.0,8.43,6.0
177,15.5,13.92,2.0,12.25,12.92,2.0,13.42,4.0,16.5,15.45,2.0,11.5,13.04,3.0,14.0,5.0,14.5,12.96,2.0,17.25,16.58,3.0,15.13,5.0,18.75,18.04,4.0,18.04,4.0,15.5,14.5,2.0,17.25,17.25,2.0,8.0,9.3,0.0,13.68,6.0,14.0,15.2,3.0,9.0,11.25,3.0,13.22,6.0,14.43,30.0
