student_id,sem2_Entrepôts dedonnées ds,sem2_Administration des bases de données tp,sem2_Administration des bases de données ds,sem2_Techniquesd'indexation tp,sem2_Techniquesd'indexation ds,sem2_Technologies et programmation web tp,sem2_Technologies et programmation web ds,sem2_Tests de logiciels (certification ISTQB) tp,sem2_Tests de logiciels (certification ISTQB) ds,sem2_Techniques de compilation tp,sem2_Techniques de compilation ds,sem2_Fondements de l'intelligence artificielle (programmation IA) tp,sem2_Fondements de l'intelligence artificielle (programmation IA) ds,"sem2_Droit d'informatique,protection des données et éthique ds",sem2_Projet fedéré (methode Agile) ds,sem2_Anglais 4 ds,sem2_Vision par ordinateur tp,sem2_Vision par ordinateur ds,sem2_ERP et Intégration des Systèmes tp,sem2_ERP et Intégration des Systèmes ds,sem1_Probabilité et statistique tp,sem1_Probabilité et statistique ds,sem1_Probabilité et statistique examain,sem1_Probabilité et statistique M,sem1_Probabilité et statistique C,sem1_Théorie des langages des Automates ds,sem1_Théorie des langages des Automates examain,sem1_Théorie des langages des Automates M,sem1_Théorie des langages des Automates C,sem1_Graphes et optimisation ds,sem1_Graphes et optimisation examain,sem1_Graphes et optimisation M,sem1_Graphes et optimisation C,sem1_M_module_Automates et optimisation,sem1_C_module_Automates et optimisation,sem1_Ingénierie des bases de données tp,sem1_Ingénierie des bases de données ds,sem1_Ingénierie des bases de données examain,sem1_Ingénierie des bases de données M,sem1_Ingénierie des bases de données C,sem1_Services des réseaux tp,sem1_Services des réseaux ds,sem1_Services des réseaux examain,sem1_Services des réseaux M,sem1_Services des réseaux C,sem1_M_module_Bases de données et réseaux,sem1_C_module_Bases de données et réseaux,sem1_Gestiond'entreprise ds,sem1_Gestiond'entreprise examain,sem1_Gestiond'entreprise M,sem1_Gestiond'entreprise C,sem1_Anglais 3 ds,sem1_Anglais 3 examain,sem1_Anglais 3 M,sem1_Anglais 3 C,sem1_M_module_Langue et culture,sem1_C_module_Langue et culture,sem1_Conception des systémes d'information ds,sem1_Conception des systémes d'information examain,sem1_Conception des systémes d'information M,sem1_Conception des systémes d'information C,sem1_Programmation Java tp,sem1_Programmation Java ds,sem1_Programmation Java examain,sem1_Programmation Java M,sem1_Programmation Java C,sem1_M_module_CPOO,sem1_C_module_CPOO,sem1_(Système d'Information à Référence Spatiale (SIRS) tp,sem1_(Système d'Information à Référence Spatiale (SIRS) ds,sem1_(Système d'Information à Référence Spatiale (SIRS) examain,sem1_(Système d'Information à Référence Spatiale (SIRS) M,sem1_(Système d'Information à Référence Spatiale (SIRS) C,sem1_Outils de Travail Collaboratif tp,sem1_Outils de Travail Collaboratif ds,sem1_Outils de Travail Collaboratif examain,sem1_Outils de Travail Collaboratif M,sem1_Outils de Travail Collaboratif C,final_Moyenne semestre 1,final_Crédit semestre 1,final_Moyenne générale
0,7.0,-1.0,15.5,-1.0,9.25,-1.0,13.5,-1.0,12.38,-1.0,11.25,-1.0,16.0,13.0,16.0,14.5,-1.0,12.75,-1.0,11.0,-1.0,11.75,3.5,5.98,0.0,3.25,7.5,6.22,0.0,8.75,10.25,9.8,0.0,8.01,0.0,-1.0,9.0,9.5,9.35,0.0,-1.0,7.5,11.5,10.3,2.0,9.73,2.0,3.0,8.25,7.2,0.0,0.0,10.75,8.6,0.0,7.9,0.0,12.0,9.5,10.25,3.0,-1.0,12.0,3.0,5.7,0.0,7.65,3.0,-1.0,13.5,7.5,9.3,0.0,-1.0,3.38,5.25,4.69,0.0,7.73,5.0,9.88
1,12.0,-1.0,19.75,-1.0,13.0,-1.0,12.75,-1.0,12.38,-1.0,11.38,-1.0,15.75,14.0,16.0,14.0,-1.0,10.0,-1.0,17.25,-1.0,12.25,10.0,10.68,4.0,16.0,9.25,11.27,2.0,12.5,13.25,13.02,2.0,12.14,4.0,-1.0,13.5,10.0,11.05,3.0,-1.0,10.88,13.5,12.71,2.0,11.71,5.0,12.5,12.0,12.1,2.0,12.0,13.5,13.2,2.0,12.65,4.0,10.0,10.0,10.0,3.0,-1.0,12.25,9.0,9.98,0.0,9.99,3.0,-1.0,12.5,11.5,11.8,3.0,-1.0,9.38,7.25,7.89,0.0,10.98,23.0,12.95
2,14.0,-1.0,19.0,-1.0,12.75,-1.0,16.0,-1.0,14.38,-1.0,16.38,-1.0,12.75,16.0,18.0,0.0,-1.0,12.75,-1.0,14.0,-1.0,13.5,10.0,11.05,4.0,10.0,14.0,12.8,2.0,11.25,13.0,12.48,2.0,12.64,4.0,-1.0,15.25,12.5,13.32,3.0,-1.0,15.63,16.25,16.06,2.0,14.42,5.0,15.0,13.5,13.8,2.0,13.0,11.0,11.4,2.0,12.6,4.0,16.0,9.0,11.1,3.0,-1.0,16.75,6.5,9.58,0.0,10.23,7.0,-1.0,13.5,13.5,13.5,3.0,-1.0,10.13,12.5,11.79,3.0,12.16,30.0,12.38
3,17.5,-1.0,20.0,-1.0,18.0,-1.0,17.25,-1.0,16.75,-1.0,18.38,-1.0,16.88,16.0,18.0,15.0,-1.0,16.5,-1.0,17.75,-1.0,9.75,16.5,14.47,4.0,14.75,18.0,17.02,2.0,20.0,19.0,19.3,2.0,18.16,4.0,-1.0,19.88,14.5,16.11,3.0,-1.0,17.63,16.0,16.49,2.0,16.26,5.0,17.75,15.0,15.55,2.0,12.0,15.0,14.4,2.0,14.98,4.0,15.5,11.5,12.7,3.0,-1.0,17.0,14.5,15.25,4.0,14.16,7.0,-1.0,15.5,14.0,14.45,3.0,-1.0,15.63,18.75,17.81,3.0,15.59,30.0,16.34
4,11.0,-1.0,13.0,-1.0,7.8,-1.0,12.0,-1.0,13.0,-1.0,12.0,-1.0,16.0,0.0,18.0,0.0,-1.0,10.0,-1.0,13.25,-1.0,16.0,8.0,10.0,4.0,5.0,11.0,9.2,0.0,13.0,8.7,10.0,2.0,9.6,2.0,-1.0,0.0,0.0,0.0,0.0,-1.0,12.0,10.0,10.0,2.0,4.2,2.0,0.0,0.0,0.0,0.0,-1.0,-1.0,14.0,2.0,7.0,2.0,15.0,11.0,12.0,3.0,-1.0,0.0,0.0,0.0,0.0,5.3,3.0,-1.0,13.5,8.75,10.18,3.0,-1.0,7.0,11.25,9.98,0.0,7.59,19.0,9.5
5,17.25,-1.0,3.0,-1.0,5.5,-1.0,9.0,-1.0,11.0,-1.0,7.13,-1.0,11.0,13.0,16.0,13.0,-1.0,13.5,-1.0,1.0,-1.0,0.75,2.5,1.98,0.0,0.25,1.5,1.12,0.0,2.0,8.0,6.2,0.0,3.66,0.0,-1.0,0.5,4.0,2.95,0.0,-1.0,4.75,6.5,5.98,0.0,4.16,0.0,5.5,5.0,5.1,0.0,0.0,11.25,9.0,0.0,7.05,0.0,3.5,6.0,5.25,0.0,-1.0,10.0,4.0,5.8,0.0,5.56,0.0,-1.0,0.0,9.5,6.65,0.0,-1.0,3.5,6.75,5.77,0.0,4.92,0.0,6.34
6,15.0,-1.0,14.25,-1.0,11.5,-1.0,14.75,-1.0,14.38,-1.0,12.88,-1.0,13.13,16.0,17.5,15.0,-1.0,18.75,-1.0,10.75,-1.0,17.5,18.5,18.2,4.0,16.75,10.0,12.02,2.0,17.25,17.25,17.25,2.0,14.64,4.0,-1.0,17.25,19.0,18.47,3.0,-1.0,15.5,17.5,16.9,2.0,17.84,5.0,11.0,12.5,12.2,2.0,12.0,10.5,10.8,2.0,11.5,4.0,14.5,9.5,11.0,3.0,-1.0,11.5,4.0,6.25,0.0,8.29,3.0,-1.0,13.5,7.0,8.95,0.0,-1.0,5.5,12.25,10.22,3.0,12.74,23.0,12.81
7,5.5,-1.0,14.0,-1.0,15.0,-1.0,15.0,-1.0,13.0,-1.0,13.0,-1.0,15.0,14.0,18.0,14.0,-1.0,14.25,-1.0,11.5,-1.0,17.0,14.0,14.0,4.0,19.0,18.0,18.0,2.0,15.0,16.0,16.0,2.0,17.0,4.0,-1.0,18.0,17.0,17.0,3.0,-1.0,13.0,13.0,13.0,2.0,16.0,5.0,14.0,10.0,11.0,2.0,16.0,13.0,14.0,2.0,12.0,4.0,13.0,11.0,11.0,3.0,-1.0,15.0,11.0,12.0,4.0,12.0,7.0,-1.0,16.0,8.25,10.58,3.0,-1.0,14.63,5.75,8.41,0.0,13.47,27.0,13.32
8,3.0,-1.0,10.25,-1.0,9.75,-1.0,13.75,-1.0,12.0,-1.0,9.63,-1.0,11.5,14.0,16.0,0.0,-1.0,11.88,-1.0,7.5,-1.0,14.0,11.0,11.9,4.0,14.0,14.5,14.35,2.0,10.25,10.0,10.08,2.0,12.22,4.0,-1.0,-1.0,-1.0,12.4,3.0,-1.0,5.75,8.75,7.85,0.0,10.58,5.0,3.75,5.0,4.75,0.0,14.5,10.75,11.5,2.0,8.12,2.0,4.5,9.0,7.65,0.0,-1.0,-1.0,-1.0,11.1,4.0,9.62,4.0,-1.0,12.5,3.5,6.2,0.0,-1.0,3.25,4.25,3.95,0.0,9.32,19.0,8.36
9,10.0,-1.0,17.0,-1.0,12.0,-1.0,16.0,-1.0,10.0,-1.0,12.0,-1.0,15.0,14.0,16.0,14.0,-1.0,13.0,-1.0,15.0,-1.0,14.0,3.5,6.8,0.0,9.7,13.0,12.0,2.0,11.0,12.0,11.0,2.0,12.0,4.0,-1.0,12.0,12.0,12.0,3.0,-1.0,13.0,14.0,14.0,2.0,12.0,5.0,14.0,7.0,8.5,0.0,14.0,11.0,12.0,2.0,10.0,4.0,15.0,10.0,11.0,3.0,-1.0,15.0,5.0,8.2,0.0,9.7,3.0,-1.0,12.5,7.0,8.65,0.0,-1.0,14.5,13.25,13.62,3.0,10.55,22.0,11.5
10,13.0,-1.0,16.0,-1.0,12.0,-1.0,13.0,-1.0,13.0,-1.0,11.0,-1.0,16.0,15.0,17.0,14.0,-1.0,15.25,-1.0,13.75,-1.0,10.0,5.5,7.0,0.0,7.5,5.0,5.7,0.0,15.0,8.2,10.0,2.0,8.0,2.0,-1.0,13.0,11.0,11.0,3.0,-1.0,5.7,10.0,8.7,0.0,10.0,5.0,4.0,11.0,9.6,0.0,14.0,10.0,10.0,2.0,10.0,4.0,7.0,9.5,8.7,0.0,-1.0,14.0,8.5,10.0,4.0,9.7,4.0,-1.0,13.5,9.0,10.35,3.0,-1.0,9.88,11.25,10.84,3.0,9.51,21.0,11.44
11,14.5,-1.0,17.25,-1.0,13.75,-1.0,16.5,-1.0,15.63,-1.0,13.0,-1.0,16.75,14.0,16.5,14.0,-1.0,14.5,-1.0,16.75,-1.0,10.75,8.0,8.82,0.0,9.0,7.0,7.6,0.0,13.5,12.75,12.97,2.0,10.28,4.0,-1.0,14.0,9.0,10.5,3.0,-1.0,13.88,14.0,13.96,2.0,11.88,5.0,16.0,16.5,16.4,2.0,14.5,12.75,13.1,2.0,14.75,4.0,14.5,11.0,12.05,3.0,-1.0,16.75,10.0,12.02,4.0,12.03,7.0,-1.0,13.5,13.0,13.15,3.0,-1.0,13.0,15.75,14.92,3.0,12.11,26.0,13.27
12,9.0,-1.0,13.0,-1.0,12.75,-1.0,13.0,-1.0,12.75,-1.0,10.88,-1.0,16.0,15.0,18.0,15.5,-1.0,12.5,-1.0,9.25,-1.0,12.5,7.0,8.65,0.0,8.0,4.5,5.55,0.0,10.25,11.75,11.3,2.0,8.42,2.0,-1.0,16.0,16.0,16.0,3.0,-1.0,12.75,7.5,9.08,0.0,13.23,5.0,12.5,10.0,10.5,2.0,14.0,11.0,11.6,2.0,11.05,4.0,13.5,9.0,10.35,3.0,-1.0,17.13,10.0,12.14,4.0,11.37,7.0,-1.0,12.5,6.75,8.48,0.0,-1.0,10.75,9.25,9.7,0.0,10.43,18.0,11.14
13,16.5,-1.0,20.0,-1.0,14.25,-1.0,17.25,-1.0,16.0,-1.0,14.75,-1.0,14.38,16.0,18.0,15.0,-1.0,16.5,-1.0,15.75,-1.0,15.25,16.0,15.77,4.0,16.5,12.25,13.52,2.0,17.75,18.75,18.45,2.0,15.98,4.0,-1.0,17.38,15.0,15.71,3.0,-1.0,15.75,17.0,16.62,2.0,16.07,5.0,19.0,18.0,18.2,2.0,12.0,12.5,12.4,2.0,15.3,4.0,14.5,10.0,11.35,3.0,-1.0,16.13,11.0,12.54,4.0,12.03,7.0,-1.0,13.0,15.0,14.4,3.0,-1.0,8.13,11.0,10.14,3.0,14.21,30.0,14.44
14,9.5,-1.0,17.25,-1.0,10.88,-1.0,17.0,-1.0,13.63,-1.0,12.25,-1.0,16.38,14.0,18.0,15.0,-1.0,16.0,-1.0,12.5,-1.0,15.5,14.0,14.45,4.0,15.0,12.0,12.9,2.0,19.75,17.75,18.35,2.0,15.62,4.0,-1.0,15.0,10.5,11.85,3.0,-1.0,15.75,14.0,14.52,2.0,12.92,5.0,9.25,13.5,12.65,2.0,14.0,11.25,11.8,2.0,12.23,4.0,11.5,11.0,11.15,3.0,-1.0,15.75,15.0,15.22,4.0,13.48,7.0,-1.0,13.5,14.25,14.02,3.0,-1.0,14.75,8.5,10.38,3.0,13.38,30.0,13.42
15,12.0,-1.0,17.25,-1.0,15.75,-1.0,15.25,-1.0,15.75,-1.0,15.88,-1.0,16.5,13.0,18.0,14.5,-1.0,18.25,-1.0,15.25,-1.0,16.0,10.0,11.8,4.0,18.5,15.75,16.58,2.0,10.0,17.0,14.9,2.0,15.74,4.0,-1.0,18.25,18.5,18.42,3.0,-1.0,15.63,14.0,14.49,2.0,16.85,5.0,12.5,8.0,8.9,0.0,14.0,13.0,13.2,2.0,11.05,4.0,15.5,12.0,13.05,3.0,-1.0,16.5,12.5,13.7,4.0,13.42,7.0,-1.0,14.0,13.5,13.65,3.0,-1.0,15.75,9.25,11.2,3.0,13.57,30.0,14.6
16,12.5,-1.0,18.0,-1.0,16.0,-1.0,13.5,-1.0,13.5,-1.0,14.88,-1.0,16.25,13.0,17.0,14.5,-1.0,18.25,-1.0,15.25,-1.0,11.5,4.5,6.6,0.0,10.0,8.25,8.77,0.0,17.75,16.0,16.52,2.0,12.64,4.0,-1.0,13.25,12.0,12.37,3.0,-1.0,15.5,13.0,13.75,2.0,12.92,5.0,15.25,12.0,12.65,2.0,12.0,9.5,10.0,2.0,11.32,4.0,5.0,10.5,8.85,0.0,-1.0,12.5,2.5,5.5,0.0,6.94,0.0,-1.0,14.0,9.5,10.85,3.0,-1.0,12.75,10.25,11.0,3.0,10.03,19.0,11.24
17,13.0,-1.0,8.25,-1.0,11.75,-1.0,14.0,-1.0,7.63,-1.0,16.88,-1.0,14.25,0.0,17.0,0.0,-1.0,17.63,-1.0,8.25,-1.0,18.0,16.0,16.6,4.0,15.5,13.0,13.75,2.0,19.5,18.0,18.45,2.0,16.1,4.0,-1.0,12.75,10.5,11.17,3.0,-1.0,5.75,13.5,11.17,2.0,11.17,5.0,12.75,11.5,11.75,2.0,13.0,13.25,13.2,2.0,12.48,4.0,13.5,9.0,10.35,3.0,-1.0,15.75,14.0,14.52,4.0,12.73,7.0,-1.0,0.0,10.25,7.18,0.0,-1.0,6.75,11.75,10.25,3.0,12.6,27.0,12.84
18,12.0,-1.0,13.5,-1.0,6.25,-1.0,13.0,-1.0,13.25,-1.0,15.38,-1.0,16.75,14.0,17.0,13.0,-1.0,13.25,-1.0,14.0,-1.0,13.5,11.5,12.1,4.0,10.0,12.5,11.75,2.0,7.75,12.25,10.9,2.0,11.32,4.0,-1.0,13.75,10.0,11.12,3.0,-1.0,10.88,5.5,7.11,0.0,9.52,3.0,11.0,13.25,12.8,2.0,13.0,12.5,12.6,2.0,12.7,4.0,11.0,9.5,9.95,0.0,-1.0,14.0,16.0,15.4,4.0,13.06,7.0,-1.0,13.5,10.25,11.22,3.0,-1.0,10.25,8.5,9.02,0.0,11.47,28.0,12.22
19,19.5,-1.0,20.0,-1.0,16.0,-1.0,16.25,-1.0,15.13,-1.0,15.63,-1.0,15.88,15.0,19.0,13.0,-1.0,15.0,-1.0,13.75,-1.0,18.0,12.5,14.15,4.0,16.5,15.25,15.62,2.0,17.0,18.5,18.05,2.0,16.84,4.0,-1.0,18.13,14.0,15.24,3.0,-1.0,17.5,17.5,17.5,2.0,16.14,5.0,15.5,19.0,18.3,2.0,15.0,14.25,14.4,2.0,16.35,4.0,15.0,12.5,13.25,3.0,-1.0,17.0,13.0,14.2,4.0,13.79,7.0,-1.0,14.5,16.0,15.55,3.0,-1.0,17.38,13.5,14.66,3.0,15.24,30.0,14.96
20,9.0,-1.0,14.25,-1.0,12.25,-1.0,12.5,-1.0,11.25,-1.0,11.38,-1.0,14.25,13.0,19.0,13.0,-1.0,12.0,-1.0,12.5,-1.0,12.0,4.0,6.4,0.0,4.25,4.0,4.07,0.0,2.0,6.25,4.98,0.0,4.52,0.0,-1.0,8.5,5.0,6.05,0.0,-1.0,1.75,6.5,5.08,0.0,5.66,0.0,4.5,4.75,4.7,0.0,15.0,11.25,12.0,2.0,8.35,2.0,11.5,12.0,11.85,3.0,-1.0,14.5,8.0,9.95,0.0,10.76,7.0,-1.0,14.0,11.5,12.25,3.0,-1.0,6.38,5.75,5.94,0.0,7.84,12.0,9.3
21,11.0,-1.0,8.25,-1.0,9.13,-1.0,14.25,-1.0,14.75,-1.0,7.88,-1.0,15.5,13.0,17.0,15.0,-1.0,14.0,-1.0,0.5,-1.0,12.5,17.0,15.65,4.0,11.0,16.5,14.85,2.0,4.5,11.5,9.4,0.0,12.12,4.0,-1.0,13.25,10.5,11.32,3.0,-1.0,3.0,15.5,11.75,2.0,11.49,5.0,2.75,7.5,6.55,0.0,13.5,14.0,13.9,2.0,10.22,4.0,3.5,7.5,6.3,0.0,-1.0,14.5,8.5,10.3,4.0,8.59,4.0,-1.0,12.5,3.75,6.38,0.0,-1.0,6.0,6.75,6.52,0.0,10.27,21.0,10.16
22,2.0,-1.0,0.0,-1.0,3.25,-1.0,6.0,-1.0,3.5,-1.0,4.25,-1.0,13.0,0.0,18.0,0.0,-1.0,2.5,-1.0,0.0,-1.0,11.0,3.5,5.75,0.0,8.0,4.25,5.38,0.0,8.25,7.5,7.72,0.0,6.55,0.0,-1.0,5.0,0.5,1.85,0.0,-1.0,11.5,8.5,9.4,0.0,4.87,0.0,7.5,11.0,10.3,2.0,16.0,13.25,13.8,2.0,12.05,4.0,13.0,5.0,7.4,0.0,-1.0,12.63,7.0,8.69,0.0,8.14,0.0,-1.0,13.0,5.5,7.75,0.0,-1.0,9.13,4.5,5.89,0.0,7.32,4.0,4.8
23,7.0,-1.0,12.75,-1.0,14.0,-1.0,15.25,-1.0,13.75,-1.0,16.5,-1.0,16.5,15.0,16.0,14.5,-1.0,18.5,-1.0,12.25,-1.0,15.5,14.5,14.8,4.0,11.75,18.25,16.3,2.0,18.5,18.5,18.5,2.0,17.4,4.0,-1.0,18.88,14.5,15.81,3.0,-1.0,14.88,15.0,14.96,2.0,15.47,5.0,18.5,15.25,15.9,2.0,14.5,13.5,13.7,2.0,14.8,4.0,12.5,10.5,11.1,3.0,-1.0,15.0,7.0,9.4,0.0,10.13,7.0,-1.0,15.5,11.5,12.7,3.0,-1.0,16.5,8.5,10.9,3.0,13.57,30.0,13.73
24,17.5,-1.0,15.0,-1.0,10.0,-1.0,15.5,-1.0,13.75,-1.0,15.38,-1.0,16.75,14.0,16.5,14.5,-1.0,19.25,-1.0,16.5,-1.0,17.0,15.5,15.95,4.0,18.5,15.25,16.22,2.0,13.25,17.75,16.4,2.0,16.31,4.0,-1.0,15.5,9.5,11.3,3.0,-1.0,15.25,16.5,16.12,2.0,13.23,5.0,12.5,17.0,16.1,2.0,15.0,12.25,12.8,2.0,14.45,4.0,15.0,12.0,12.9,3.0,-1.0,17.63,10.5,12.64,4.0,12.75,7.0,-1.0,15.0,14.0,14.3,3.0,-1.0,15.25,11.5,12.62,3.0,14.1,30.0,14.82
25,17.0,-1.0,19.5,-1.0,16.38,-1.0,17.25,-1.0,15.63,-1.0,16.63,-1.0,18.0,12.0,19.0,14.5,-1.0,14.0,-1.0,15.5,-1.0,16.5,12.5,13.7,4.0,18.75,14.5,15.77,2.0,19.0,18.5,18.65,2.0,17.21,4.0,-1.0,17.25,13.5,14.62,3.0,-1.0,17.75,13.0,14.42,2.0,14.54,5.0,16.25,13.5,14.05,2.0,16.0,13.0,13.6,2.0,13.82,4.0,13.5,12.5,12.8,3.0,-1.0,17.25,17.0,17.08,4.0,15.25,7.0,-1.0,15.5,13.25,13.92,3.0,-1.0,15.88,10.5,12.11,3.0,14.55,30.0,15.18
26,11.0,-1.0,16.75,-1.0,14.25,-1.0,15.5,-1.0,12.88,-1.0,16.25,-1.0,16.75,14.0,19.0,14.5,-1.0,14.0,-1.0,16.75,-1.0,13.0,1.0,4.6,0.0,3.0,12.0,9.3,0.0,11.5,8.25,9.22,0.0,9.26,0.0,-1.0,15.0,12.5,13.25,3.0,-1.0,13.63,13.5,13.54,2.0,13.37,5.0,5.5,6.75,6.5,0.0,18.0,11.75,13.0,2.0,9.75,2.0,14.0,10.0,11.2,3.0,-1.0,15.63,7.0,9.59,0.0,10.28,7.0,-1.0,17.0,8.75,11.22,3.0,-1.0,13.13,7.5,9.19,0.0,9.82,20.0,11.78
27,8.0,-1.0,15.38,-1.0,7.38,-1.0,15.75,-1.0,11.25,-1.0,13.75,-1.0,11.0,14.0,17.0,14.5,-1.0,9.75,-1.0,11.5,-1.0,12.25,2.0,5.07,0.0,4.25,15.25,11.95,2.0,9.75,13.5,12.38,2.0,12.16,4.0,-1.0,11.63,6.0,7.69,0.0,-1.0,11.0,8.0,8.9,0.0,8.17,0.0,6.75,8.5,8.15,0.0,13.0,12.0,12.2,2.0,10.18,4.0,12.0,9.0,9.9,0.0,-1.0,14.13,13.0,13.34,4.0,11.87,7.0,-1.0,14.5,12.0,12.75,3.0,-1.0,10.5,9.0,9.45,0.0,10.01,21.0,10.59
28,12.0,-1.0,9.0,-1.0,17.0,-1.0,16.75,-1.0,13.13,-1.0,16.38,-1.0,16.88,12.0,17.0,13.0,-1.0,14.25,-1.0,16.5,-1.0,17.0,12.5,13.85,4.0,12.5,9.25,10.22,2.0,19.75,18.5,18.88,2.0,14.55,4.0,-1.0,13.75,11.5,12.17,3.0,-1.0,16.5,10.0,11.95,2.0,12.08,5.0,18.0,10.0,11.6,2.0,14.5,15.5,15.3,2.0,13.45,4.0,15.0,12.0,12.9,3.0,-1.0,16.5,13.5,14.4,4.0,13.76,7.0,-1.0,16.0,13.25,14.08,3.0,-1.0,13.63,10.5,11.44,3.0,13.36,30.0,13.75
29,5.0,-1.0,12.0,-1.0,10.38,-1.0,12.75,-1.0,10.38,-1.0,11.88,-1.0,16.63,12.0,16.0,14.0,-1.0,7.25,-1.0,9.5,-1.0,9.0,4.5,5.85,0.0,0.25,0.5,0.42,0.0,10.0,12.5,11.75,2.0,6.08,2.0,-1.0,9.25,15.0,13.28,3.0,-1.0,10.25,7.5,8.32,0.0,11.3,5.0,3.0,7.5,6.6,0.0,14.0,7.0,8.4,0.0,7.5,0.0,3.5,3.0,3.15,0.0,-1.0,8.0,10.0,9.4,0.0,6.72,0.0,-1.0,12.5,5.0,7.25,0.0,-1.0,6.38,2.75,3.84,0.0,7.15,7.0,8.39
30,13.0,-1.0,15.75,-1.0,14.13,-1.0,15.5,-1.0,14.0,-1.0,16.25,-1.0,16.0,14.0,18.0,12.0,-1.0,12.5,-1.0,16.75,-1.0,17.0,13.0,14.2,4.0,10.0,7.25,8.08,0.0,16.25,12.5,13.62,2.0,10.85,4.0,-1.0,15.75,12.75,13.65,3.0,-1.0,13.75,13.0,13.22,2.0,13.48,5.0,6.75,13.25,11.95,2.0,15.0,8.75,10.0,2.0,10.98,4.0,13.0,10.5,11.25,3.0,-1.0,15.5,9.0,10.95,4.0,11.08,7.0,-1.0,16.0,11.0,12.5,3.0,-1.0,14.63,11.5,12.44,3.0,12.13,30.0,12.8
31,15.5,-1.0,12.5,-1.0,7.5,-1.0,15.5,-1.0,15.0,-1.0,14.13,-1.0,16.25,13.0,17.0,14.0,-1.0,15.5,-1.0,9.25,-1.0,6.5,13.0,11.05,4.0,17.0,8.0,10.7,2.0,16.0,16.75,16.52,2.0,13.61,4.0,-1.0,12.5,10.0,10.75,3.0,-1.0,11.25,14.5,13.52,2.0,11.86,5.0,5.25,13.75,12.05,2.0,13.0,14.5,14.2,2.0,13.12,4.0,12.5,16.75,15.48,3.0,-1.0,9.25,8.5,8.72,0.0,11.62,7.0,-1.0,15.0,13.0,13.6,3.0,-1.0,5.63,10.75,9.21,0.0,12.01,30.0,12.96
32,1.0,-1.0,2.25,-1.0,8.88,-1.0,6.5,-1.0,3.0,-1.0,2.0,-1.0,10.25,0.0,17.0,0.0,-1.0,10.0,-1.0,5.0,-1.0,10.5,2.5,4.9,0.0,5.5,1.5,2.7,0.0,3.5,2.75,2.97,0.0,2.84,0.0,-1.0,12.75,6.0,8.02,0.0,-1.0,8.5,9.0,8.85,0.0,8.35,0.0,8.0,4.0,4.8,0.0,0.0,15.5,12.4,2.0,8.6,2.0,12.0,1.0,4.3,0.0,-1.0,11.88,10.0,10.56,4.0,7.88,4.0,-1.0,12.0,2.0,5.0,0.0,-1.0,7.88,6.75,7.09,0.0,6.62,6.0,7.2
33,10.0,-1.0,6.25,-1.0,8.0,-1.0,15.5,-1.0,11.25,-1.0,12.5,-1.0,11.38,16.0,18.0,15.0,-1.0,10.5,-1.0,9.5,-1.0,15.5,7.0,9.55,0.0,16.0,0.5,5.15,0.0,19.0,8.0,11.3,2.0,8.23,2.0,-1.0,13.75,8.0,9.72,0.0,-1.0,12.0,14.0,13.4,2.0,11.19,5.0,8.5,5.5,6.1,0.0,14.0,14.25,14.2,2.0,10.15,4.0,12.5,6.0,7.95,0.0,-1.0,15.63,7.0,9.59,0.0,8.89,0.0,-1.0,13.0,7.5,9.15,0.0,-1.0,4.75,7.75,6.85,0.0,9.26,11.0,10.23
34,15.5,-1.0,20.0,-1.0,15.75,-1.0,14.0,-1.0,13.88,-1.0,13.38,-1.0,17.0,14.0,19.0,14.5,-1.0,13.0,-1.0,11.75,-1.0,16.5,12.5,13.7,4.0,13.0,6.25,8.28,0.0,15.0,16.25,15.88,2.0,12.08,4.0,-1.0,16.5,10.5,12.3,3.0,-1.0,12.5,7.0,8.65,0.0,10.84,5.0,14.0,17.5,16.8,2.0,13.0,11.75,12.0,2.0,14.4,4.0,12.5,10.5,11.1,3.0,-1.0,16.75,13.0,14.12,4.0,12.83,7.0,-1.0,13.0,15.5,14.75,3.0,-1.0,11.13,16.5,14.89,3.0,13.12,30.0,13.69
35,4.0,-1.0,11.5,-1.0,13.25,-1.0,13.75,-1.0,12.5,-1.0,10.75,-1.0,16.13,13.0,17.0,13.0,-1.0,14.0,-1.0,10.0,-1.0,1.75,7.0,5.42,0.0,4.0,0.5,1.55,0.0,3.0,3.0,3.0,0.0,2.28,0.0,-1.0,11.0,4.0,6.1,0.0,-1.0,12.75,7.5,9.08,0.0,7.29,0.0,8.75,7.0,7.35,0.0,12.0,13.75,13.4,2.0,10.38,4.0,3.0,10.5,8.25,0.0,-1.0,10.0,4.0,5.8,0.0,6.85,0.0,-1.0,13.0,9.75,10.72,3.0,-1.0,2.38,6.5,5.26,0.0,6.82,7.0,7.93
36,5.5,-1.0,12.5,-1.0,13.5,-1.0,15.5,-1.0,14.75,-1.0,15.5,-1.0,14.63,15.5,18.0,14.5,-1.0,11.5,-1.0,12.0,-1.0,13.25,6.5,8.52,0.0,14.75,5.75,8.45,0.0,17.5,17.5,17.5,2.0,12.98,4.0,-1.0,17.63,15.0,15.79,3.0,-1.0,12.63,11.5,11.84,2.0,14.21,5.0,4.25,5.0,4.85,0.0,14.0,13.0,13.2,2.0,9.02,2.0,13.5,10.0,11.05,3.0,-1.0,15.25,6.5,9.12,0.0,9.95,3.0,-1.0,15.0,5.0,8.0,0.0,-1.0,10.0,10.0,10.0,3.0,10.56,17.0,11.74
37,5.5,-1.0,16.63,-1.0,7.5,-1.0,8.0,-1.0,10.13,-1.0,12.0,-1.0,12.0,0.0,16.0,16.0,-1.0,9.75,-1.0,11.0,-1.0,0.0,2.5,1.75,0.0,5.25,0.75,2.1,0.0,8.0,0.0,2.4,0.0,2.25,0.0,-1.0,2.5,0.0,0.75,0.0,-1.0,5.5,0.0,1.65,0.0,1.11,0.0,5.0,0.0,1.0,0.0,15.0,8.5,9.8,0.0,5.4,0.0,10.5,0.0,3.15,0.0,-1.0,3.5,8.0,6.65,0.0,5.15,0.0,-1.0,0.0,0.0,0.0,0.0,-1.0,0.0,4.0,2.8,0.0,2.92,0.0,6.23
38,13.0,-1.0,13.25,-1.0,9.5,-1.0,15.25,-1.0,14.38,-1.0,10.63,-1.0,17.38,14.0,17.0,15.0,-1.0,12.0,-1.0,12.0,-1.0,15.0,10.0,11.5,4.0,15.5,10.25,11.82,2.0,13.5,11.25,11.92,2.0,11.87,4.0,-1.0,11.75,12.75,12.45,3.0,-1.0,13.25,9.0,10.27,2.0,11.58,5.0,9.0,11.0,10.6,2.0,14.0,15.0,14.8,2.0,12.7,4.0,14.0,15.0,14.7,3.0,-1.0,14.13,7.0,9.14,0.0,11.52,7.0,-1.0,13.0,10.5,11.25,3.0,-1.0,15.0,9.75,11.32,3.0,11.69,30.0,12.22
39,19.0,-1.0,20.0,-1.0,11.75,-1.0,16.0,-1.0,15.75,-1.0,14.75,-1.0,15.88,14.0,17.0,14.5,-1.0,16.0,-1.0,17.5,-1.0,17.0,10.5,12.45,4.0,19.0,7.5,10.95,2.0,15.75,18.5,17.67,2.0,14.31,4.0,-1.0,17.5,15.0,15.75,3.0,-1.0,18.5,19.0,18.85,2.0,16.99,5.0,19.75,15.5,16.35,2.0,15.0,11.75,12.4,2.0,14.38,4.0,14.0,13.0,13.3,3.0,-1.0,15.75,10.0,11.72,4.0,12.4,7.0,-1.0,14.5,14.0,14.15,3.0,-1.0,12.38,11.0,11.41,3.0,13.77,30.0,14.69
40,11.5,-1.0,16.25,-1.0,8.88,-1.0,14.25,-1.0,12.88,-1.0,13.5,-1.0,16.13,12.0,16.0,14.0,-1.0,10.25,-1.0,14.5,-1.0,13.25,7.5,9.22,0.0,10.5,8.5,9.1,0.0,9.5,13.5,12.3,2.0,10.7,4.0,-1.0,16.75,13.5,14.47,3.0,-1.0,13.75,10.0,11.12,2.0,13.13,5.0,4.0,10.25,9.0,0.0,13.0,11.75,12.0,2.0,10.5,4.0,10.0,10.0,10.0,3.0,-1.0,10.0,10.0,10.0,4.0,10.0,7.0,-1.0,15.0,7.75,9.92,0.0,-1.0,12.38,7.0,8.61,0.0,10.43,20.0,11.85
41,9.0,-1.0,14.0,-1.0,11.25,-1.0,14.5,-1.0,12.88,-1.0,11.0,-1.0,9.25,13.0,17.0,0.0,-1.0,7.5,-1.0,13.5,-1.0,11.25,3.5,5.82,0.0,3.5,1.5,2.1,0.0,4.5,12.5,10.1,2.0,6.1,2.0,-1.0,7.25,5.0,5.68,0.0,-1.0,10.25,15.5,13.92,2.0,8.98,2.0,5.75,14.5,12.75,2.0,15.0,12.75,13.2,2.0,12.98,4.0,14.0,10.0,11.2,3.0,-1.0,8.5,6.0,6.75,0.0,8.66,3.0,-1.0,13.0,9.0,10.2,3.0,-1.0,6.75,7.25,7.1,0.0,8.57,14.0,9.42
42,6.5,-1.0,10.75,-1.0,9.75,-1.0,15.5,-1.0,11.0,-1.0,13.75,-1.0,12.5,15.5,17.5,14.5,-1.0,11.0,-1.0,10.75,-1.0,14.75,10.5,11.77,4.0,11.0,2.5,5.05,0.0,18.25,15.75,16.5,2.0,10.78,4.0,-1.0,12.0,10.0,10.6,3.0,-1.0,13.63,10.5,11.44,2.0,10.94,5.0,9.75,13.0,12.35,2.0,14.0,9.75,10.6,2.0,11.48,4.0,9.0,10.0,9.7,0.0,-1.0,15.5,8.5,10.6,4.0,10.21,7.0,-1.0,14.5,5.5,8.2,0.0,-1.0,10.5,5.25,6.82,0.0,10.24,24.0,10.36
43,15.25,-1.0,15.5,-1.0,7.25,-1.0,11.5,-1.0,10.5,-1.0,2.75,-1.0,17.88,13.0,17.5,12.0,-1.0,12.75,-1.0,7.25,-1.0,2.75,5.5,4.68,0.0,7.75,7.75,7.75,0.0,15.0,11.0,12.2,2.0,9.98,2.0,-1.0,15.5,11.5,12.7,3.0,-1.0,4.5,14.5,11.5,2.0,12.22,5.0,14.0,6.75,8.2,0.0,14.0,13.0,13.2,2.0,10.7,4.0,1.0,5.0,3.8,0.0,-1.0,10.0,7.0,7.9,0.0,6.14,0.0,-1.0,14.5,3.5,6.8,0.0,-1.0,6.75,8.5,7.98,0.0,8.33,11.0,9.74
44,5.0,-1.0,1.75,-1.0,5.0,-1.0,13.75,-1.0,2.75,-1.0,2.25,-1.0,4.25,13.0,16.0,0.0,-1.0,9.25,-1.0,2.0,-1.0,1.5,2.5,2.2,0.0,4.5,3.5,3.8,0.0,6.5,5.0,5.45,0.0,4.62,0.0,-1.0,4.0,5.0,4.7,0.0,-1.0,1.75,6.5,5.08,0.0,4.85,0.0,3.0,5.0,4.6,0.0,0.0,9.0,7.2,0.0,5.9,0.0,11.0,5.0,6.8,0.0,-1.0,11.38,3.0,5.51,0.0,6.06,0.0,-1.0,0.0,4.5,3.15,0.0,-1.0,0.0,1.75,1.22,0.0,4.35,0.0,5.71
45,13.0,-1.0,15.0,-1.0,10.5,-1.0,14.75,-1.0,9.88,-1.0,13.5,-1.0,13.0,13.0,17.5,14.0,-1.0,14.75,-1.0,16.0,-1.0,11.0,6.0,7.5,0.0,3.5,6.5,5.6,0.0,0.5,4.75,3.47,0.0,4.54,0.0,-1.0,7.75,8.0,7.92,0.0,-1.0,12.13,6.5,8.19,0.0,8.03,0.0,5.75,10.0,9.15,0.0,15.0,11.0,11.8,2.0,10.48,4.0,10.0,8.0,8.6,0.0,-1.0,13.75,10.5,11.48,4.0,10.25,7.0,-1.0,13.5,6.5,8.6,0.0,-1.0,9.25,6.25,7.15,0.0,8.31,11.0,10.3
46,19.0,-1.0,13.0,-1.0,12.75,-1.0,13.25,-1.0,15.38,-1.0,14.38,-1.0,19.25,0.0,18.0,14.0,-1.0,16.25,-1.0,17.75,-1.0,18.5,8.0,11.15,4.0,16.25,17.0,16.78,2.0,17.25,18.5,18.12,2.0,17.45,4.0,-1.0,18.0,13.5,14.85,3.0,-1.0,14.5,12.5,13.1,2.0,14.15,5.0,15.5,14.5,14.7,2.0,13.0,12.5,12.6,2.0,13.65,4.0,5.5,7.0,6.55,0.0,-1.0,15.0,9.0,10.8,4.0,8.98,4.0,-1.0,13.5,14.0,13.85,3.0,-1.0,10.0,11.75,11.22,3.0,12.6,27.0,13.74
47,10.5,-1.0,5.5,-1.0,9.25,-1.0,14.5,-1.0,9.5,-1.0,5.0,-1.0,7.0,16.0,18.0,0.0,-1.0,9.5,-1.0,2.0,-1.0,10.75,7.0,8.12,0.0,8.25,5.0,5.98,0.0,6.25,10.5,9.22,0.0,7.6,0.0,-1.0,10.0,13.5,12.45,3.0,-1.0,8.5,7.0,7.45,0.0,10.45,5.0,11.75,11.25,11.35,2.0,13.0,11.5,11.8,2.0,11.58,4.0,11.0,5.5,7.15,0.0,-1.0,12.5,5.0,7.25,0.0,7.21,0.0,-1.0,13.5,5.5,7.9,0.0,-1.0,6.5,7.0,6.85,0.0,8.54,9.0,8.48
48,0.0,-1.0,0.0,-1.0,0.0,-1.0,0.0,-1.0,0.0,-1.0,0.0,-1.0,5.0,0.0,17.0,0.0,-1.0,0.0,-1.0,0.0,-1.0,0.0,4.0,2.8,0.0,0.0,7.0,4.9,0.0,7.5,2.25,3.82,0.0,4.36,0.0,-1.0,11.0,14.5,13.45,3.0,-1.0,6.75,0.0,2.02,0.0,8.88,3.0,7.0,3.0,3.8,0.0,0.0,13.25,10.6,2.0,7.2,2.0,14.5,8.0,9.95,0.0,-1.0,15.88,1.5,5.81,0.0,7.58,0.0,-1.0,0.0,0.0,0.0,0.0,-1.0,0.0,0.0,0.0,0.0,5.16,5.0,3.24
49,8.0,-1.0,10.75,-1.0,6.25,-1.0,13.0,-1.0,11.38,-1.0,11.25,-1.0,16.0,13.0,17.0,12.0,-1.0,13.0,-1.0,11.25,-1.0,15.25,12.0,12.97,4.0,2.5,10.0,7.75,0.0,15.0,6.75,9.22,0.0,8.48,0.0,-1.0,12.5,14.0,13.55,3.0,-1.0,11.25,13.0,12.48,2.0,13.12,5.0,9.5,8.0,8.3,0.0,16.0,13.25,13.8,2.0,11.05,4.0,15.0,10.0,11.5,3.0,-1.0,15.75,11.0,12.42,4.0,12.03,7.0,-1.0,0.0,5.25,3.68,0.0,-1.0,8.0,4.5,5.55,0.0,10.25,20.0,11.25
50,12.0,-1.0,8.0,-1.0,12.0,-1.0,16.75,-1.0,13.88,-1.0,15.75,-1.0,16.88,0.0,17.0,14.0,-1.0,13.75,-1.0,11.0,-1.0,12.5,8.0,9.35,0.0,15.75,7.0,9.62,0.0,20.0,17.75,18.42,2.0,14.02,4.0,-1.0,17.0,7.0,10.0,3.0,-1.0,12.0,14.5,13.75,2.0,11.5,5.0,13.75,17.5,16.75,2.0,14.5,14.75,14.7,2.0,15.72,4.0,13.5,17.0,15.95,3.0,-1.0,15.25,12.0,12.97,4.0,14.25,7.0,-1.0,14.0,8.0,9.8,0.0,-1.0,7.25,11.25,10.05,3.0,12.44,23.0,12.72
51,9.0,-1.0,16.25,-1.0,9.5,-1.0,13.75,-1.0,14.0,-1.0,11.0,-1.0,17.75,14.0,16.5,15.0,-1.0,14.0,-1.0,14.5,-1.0,15.5,14.5,14.8,4.0,7.0,10.75,9.62,0.0,10.5,15.0,13.65,2.0,11.64,4.0,-1.0,10.75,15.5,14.08,3.0,-1.0,15.5,18.5,17.6,2.0,15.49,5.0,10.5,12.5,12.1,2.0,16.0,12.75,13.4,2.0,12.75,4.0,7.0,7.0,7.0,0.0,-1.0,13.75,5.0,7.62,0.0,7.35,0.0,-1.0,14.5,9.5,11.0,3.0,-1.0,11.5,10.5,10.8,3.0,11.7,23.0,11.94
52,16.5,-1.0,17.75,-1.0,15.5,-1.0,14.25,-1.0,13.5,-1.0,16.13,-1.0,16.13,14.0,17.0,13.5,-1.0,15.13,-1.0,14.25,-1.0,15.75,12.0,13.12,4.0,15.5,15.5,15.5,2.0,16.25,12.0,13.27,2.0,14.38,4.0,-1.0,12.63,13.0,12.89,3.0,-1.0,13.25,11.5,12.02,2.0,12.54,5.0,14.25,16.5,16.05,2.0,14.5,14.25,14.3,2.0,15.18,4.0,14.0,13.0,13.3,3.0,-1.0,16.75,11.0,12.72,4.0,12.97,7.0,-1.0,14.0,13.5,13.65,3.0,-1.0,15.38,13.25,13.89,3.0,13.56,30.0,13.6
53,13.0,-1.0,19.25,-1.0,16.5,-1.0,15.25,-1.0,16.88,-1.0,13.5,-1.0,16.75,13.0,18.0,14.5,-1.0,18.75,-1.0,16.25,-1.0,16.25,12.0,13.27,4.0,13.25,15.5,14.82,2.0,8.5,14.75,12.88,2.0,13.85,4.0,-1.0,12.38,10.0,10.71,3.0,-1.0,11.75,8.5,9.48,0.0,10.22,5.0,14.25,16.0,15.65,2.0,12.0,14.0,13.6,2.0,14.62,4.0,17.0,16.0,16.3,3.0,-1.0,17.25,10.0,12.18,4.0,13.95,7.0,-1.0,14.5,16.0,15.55,3.0,-1.0,13.88,16.0,15.36,3.0,13.62,30.0,14.26
54,0.0,-1.0,1.5,-1.0,4.0,-1.0,16.0,-1.0,3.5,-1.0,0.75,-1.0,5.63,16.5,18.0,0.0,-1.0,9.75,-1.0,8.5,-1.0,3.25,3.5,3.42,0.0,0.25,1.0,0.77,0.0,6.75,1.75,3.25,0.0,2.01,0.0,-1.0,7.0,1.0,2.8,0.0,-1.0,7.25,6.0,6.37,0.0,4.23,0.0,3.25,7.5,6.65,0.0,13.0,11.75,12.0,2.0,9.32,2.0,8.5,8.0,8.15,0.0,-1.0,12.38,1.0,4.41,0.0,6.01,0.0,-1.0,0.0,7.0,4.9,0.0,-1.0,0.0,2.75,1.92,0.0,4.76,2.0,5.03
55,12.0,-1.0,16.63,-1.0,14.63,-1.0,14.75,-1.0,14.13,-1.0,13.5,-1.0,16.25,14.0,19.0,15.0,-1.0,14.5,-1.0,15.25,-1.0,18.25,16.0,16.67,4.0,15.75,19.0,18.02,2.0,20.0,17.75,18.42,2.0,18.22,4.0,-1.0,19.25,15.0,16.28,3.0,-1.0,15.25,12.5,13.32,2.0,15.1,5.0,17.5,19.0,18.7,2.0,14.0,12.0,12.4,2.0,15.55,4.0,13.5,14.0,13.85,3.0,-1.0,16.5,10.75,12.48,4.0,13.07,7.0,-1.0,15.0,15.0,15.0,3.0,-1.0,10.75,9.0,9.52,0.0,14.74,30.0,15.08
56,16.0,-1.0,19.5,-1.0,18.5,-1.0,17.25,-1.0,16.88,-1.0,16.63,-1.0,19.0,12.0,19.0,14.0,-1.0,12.5,-1.0,15.75,-1.0,18.5,14.0,15.35,4.0,19.5,13.75,15.48,2.0,20.0,16.5,17.55,2.0,16.52,4.0,-1.0,19.13,15.0,16.24,3.0,-1.0,15.5,15.75,15.67,2.0,16.01,5.0,13.5,14.0,13.9,2.0,16.0,10.5,11.6,2.0,12.75,4.0,15.0,14.0,14.3,3.0,-1.0,17.25,17.0,17.08,4.0,15.89,7.0,-1.0,15.0,14.75,14.82,3.0,-1.0,16.63,12.75,13.91,3.0,15.2,30.0,15.76
57,14.5,-1.0,14.75,-1.0,9.75,-1.0,16.0,-1.0,14.13,-1.0,13.5,-1.0,15.25,12.0,18.0,15.0,-1.0,9.0,-1.0,10.0,-1.0,19.0,14.5,15.85,4.0,16.75,15.5,15.88,2.0,19.75,17.25,18.0,2.0,16.94,4.0,-1.0,14.75,14.5,14.58,3.0,-1.0,13.38,14.75,14.34,2.0,14.48,5.0,6.5,10.0,9.3,0.0,10.0,8.5,8.8,0.0,9.05,0.0,15.0,12.0,12.9,3.0,-1.0,15.88,8.0,10.36,4.0,11.45,7.0,-1.0,14.0,7.75,9.62,0.0,-1.0,7.75,4.25,5.3,0.0,12.16,20.0,12.15
58,10.5,-1.0,5.25,-1.0,11.25,-1.0,8.75,-1.0,11.38,-1.0,13.25,-1.0,7.5,14.0,17.5,0.0,-1.0,9.5,-1.0,5.5,-1.0,4.0,5.5,5.05,0.0,14.25,8.5,10.22,2.0,17.25,8.0,10.77,2.0,10.5,4.0,-1.0,19.25,10.5,13.12,3.0,-1.0,11.5,7.5,8.7,0.0,11.35,5.0,7.25,8.5,8.25,0.0,0.0,11.75,9.4,0.0,8.82,0.0,12.0,11.0,11.3,3.0,-1.0,13.38,10.0,11.01,4.0,11.13,7.0,-1.0,13.0,5.5,7.75,0.0,-1.0,2.5,2.75,2.68,0.0,8.78,16.0,10.2
59,4.0,-1.0,6.0,-1.0,5.0,-1.0,13.0,-1.0,11.25,-1.0,11.25,-1.0,15.5,15.0,18.0,14.0,-1.0,11.5,-1.0,11.0,-1.0,15.0,13.0,13.6,4.0,16.0,11.5,12.85,2.0,2.0,16.25,11.98,2.0,12.42,4.0,-1.0,8.0,6.5,6.95,0.0,-1.0,8.75,12.75,11.55,2.0,8.79,2.0,1.5,6.75,5.7,0.0,16.0,10.5,11.6,2.0,8.65,2.0,10.0,7.0,7.9,0.0,-1.0,12.0,13.0,12.7,4.0,10.64,7.0,-1.0,13.0,4.0,6.7,0.0,-1.0,12.13,5.0,7.14,0.0,9.95,19.0,10.34
60,4.0,-1.0,15.5,-1.0,14.75,-1.0,16.0,-1.0,12.0,-1.0,15.5,-1.0,12.38,15.0,18.0,14.5,-1.0,13.75,-1.0,7.25,-1.0,2.25,0.5,1.02,0.0,10.0,5.5,6.85,0.0,15.75,13.25,14.0,2.0,10.42,4.0,-1.0,15.75,12.0,13.12,3.0,-1.0,8.5,3.25,4.82,0.0,9.8,3.0,6.25,9.25,8.65,0.0,12.0,9.75,10.2,2.0,9.42,2.0,4.0,12.0,9.6,0.0,-1.0,16.0,10.0,11.8,4.0,10.86,7.0,-1.0,14.0,4.75,7.52,0.0,-1.0,8.0,3.25,4.68,0.0,8.17,16.0,9.83
61,2.0,-1.0,0.0,-1.0,4.5,-1.0,13.75,-1.0,13.63,-1.0,0.0,-1.0,13.63,14.0,17.0,0.0,-1.0,11.5,-1.0,11.75,-1.0,0.0,5.5,3.85,0.0,-1.0,-1.0,10.65,2.0,10.75,10.75,10.75,2.0,10.7,4.0,-1.0,3.5,6.0,5.25,0.0,-1.0,2.5,9.0,7.05,0.0,5.97,0.0,3.0,3.0,3.0,0.0,-1.0,-1.0,12.0,2.0,7.5,2.0,6.5,6.0,6.15,0.0,-1.0,0.0,0.0,0.0,0.0,2.64,0.0,-1.0,13.0,3.5,6.35,0.0,-1.0,0.0,2.0,1.4,0.0,5.32,6.0,6.94
62,4.5,-1.0,13.75,-1.0,7.5,-1.0,15.0,-1.0,13.5,-1.0,13.5,-1.0,12.38,13.0,16.0,0.0,-1.0,15.0,-1.0,14.25,-1.0,13.0,4.0,6.7,0.0,14.5,14.0,14.15,2.0,16.25,18.75,18.0,2.0,16.08,4.0,-1.0,19.38,13.5,15.26,3.0,-1.0,15.38,17.5,16.86,2.0,15.9,5.0,10.5,9.0,9.3,0.0,14.5,10.75,11.5,2.0,10.4,4.0,6.0,7.0,6.7,0.0,-1.0,15.63,7.0,9.59,0.0,8.35,0.0,-1.0,14.5,12.5,13.1,3.0,-1.0,9.75,5.25,6.6,0.0,10.99,16.0,11.92
63,4.5,-1.0,16.5,-1.0,11.63,-1.0,17.75,-1.0,12.5,-1.0,12.5,-1.0,16.88,12.0,17.0,14.0,-1.0,17.5,-1.0,12.75,-1.0,14.0,12.0,12.6,4.0,5.0,11.0,9.2,0.0,14.5,12.0,12.75,2.0,10.98,4.0,-1.0,11.5,14.0,13.25,3.0,-1.0,13.75,17.25,16.2,2.0,14.43,5.0,6.25,13.75,12.25,2.0,11.0,12.0,11.8,2.0,12.02,4.0,7.5,12.0,10.65,3.0,-1.0,14.88,11.5,12.51,4.0,11.71,7.0,-1.0,13.5,8.25,9.82,0.0,-1.0,11.0,7.0,8.2,0.0,11.69,24.0,12.24
64,9.0,-1.0,6.5,-1.0,8.75,-1.0,15.5,-1.0,10.63,-1.0,8.5,-1.0,13.38,15.0,17.5,0.0,-1.0,10.0,-1.0,11.75,-1.0,1.5,4.0,3.25,0.0,2.0,5.0,4.1,0.0,10.25,9.75,9.9,0.0,7.0,0.0,-1.0,7.75,4.5,5.48,0.0,-1.0,11.0,9.0,9.6,0.0,7.13,0.0,4.25,7.0,6.45,0.0,0.0,9.0,7.2,0.0,6.82,0.0,7.5,9.0,8.55,0.0,-1.0,4.0,3.5,3.65,0.0,5.75,0.0,-1.0,13.5,5.75,8.08,0.0,-1.0,7.13,7.75,7.56,0.0,6.37,0.0,7.62
65,8.0,-1.0,5.5,-1.0,6.0,-1.0,9.5,-1.0,11.88,-1.0,5.0,-1.0,6.5,13.0,19.0,14.0,-1.0,6.0,-1.0,0.5,-1.0,0.0,4.5,3.15,0.0,0.0,0.0,0.0,0.0,0.0,0.0,0.0,0.0,0.0,0.0,-1.0,2.5,0.0,0.75,0.0,-1.0,0.0,0.0,0.0,0.0,0.45,0.0,0.0,4.0,3.2,0.0,0.0,10.75,8.6,0.0,5.9,0.0,0.0,0.0,0.0,0.0,-1.0,0.0,0.0,0.0,0.0,0.0,0.0,-1.0,0.0,0.0,0.0,0.0,-1.0,0.0,0.0,0.0,0.0,1.28,0.0,4.35
66,16.0,-1.0,18.25,-1.0,13.5,-1.0,15.75,-1.0,15.5,-1.0,15.88,-1.0,11.0,14.0,17.0,13.5,-1.0,15.5,-1.0,6.25,-1.0,5.25,10.0,8.58,0.0,16.5,17.5,17.2,2.0,14.5,16.25,15.72,2.0,16.46,4.0,-1.0,15.25,10.0,11.58,3.0,-1.0,12.0,7.5,8.85,0.0,10.49,5.0,11.5,10.5,10.7,2.0,10.0,10.75,10.6,2.0,10.65,4.0,8.0,14.0,12.2,3.0,-1.0,15.25,1.5,5.62,0.0,8.44,3.0,-1.0,13.0,7.0,8.8,0.0,-1.0,2.5,11.0,8.45,0.0,10.2,16.0,12.06
67,0.0,-1.0,0.0,-1.0,2.5,-1.0,0.0,-1.0,0.0,-1.0,0.0,-1.0,5.0,0.0,17.0,0.0,-1.0,0.0,-1.0,0.0,-1.0,2.0,2.0,2.0,0.0,1.0,1.75,1.52,0.0,0.0,3.25,2.28,0.0,1.9,0.0,-1.0,0.0,5.0,3.5,0.0,-1.0,3.5,10.0,8.05,0.0,5.32,0.0,0.0,4.5,3.6,0.0,0.0,9.25,7.4,0.0,5.5,0.0,4.5,7.0,6.25,0.0,-1.0,10.5,6.0,7.35,0.0,6.88,0.0,-1.0,0.0,1.5,1.05,0.0,-1.0,0.0,0.0,0.0,0.0,3.85,0.0,2.62
68,13.0,-1.0,18.0,-1.0,14.75,-1.0,13.25,-1.0,15.0,-1.0,15.0,-1.0,16.0,14.0,19.0,13.0,-1.0,9.5,-1.0,15.0,-1.0,15.0,10.5,11.85,4.0,12.75,14.75,14.15,2.0,16.0,14.0,14.6,2.0,14.38,4.0,-1.0,17.25,14.0,14.97,3.0,-1.0,11.5,14.0,13.25,2.0,14.28,5.0,11.25,13.5,13.05,2.0,10.0,5.5,6.4,0.0,9.73,2.0,11.0,10.0,10.3,3.0,-1.0,16.25,10.0,11.88,4.0,11.2,7.0,-1.0,14.5,11.5,12.4,3.0,-1.0,13.13,5.25,7.61,0.0,11.79,28.0,12.62
69,8.0,-1.0,0.5,-1.0,7.13,-1.0,13.25,-1.0,9.25,-1.0,8.25,-1.0,15.38,0.0,19.0,14.5,-1.0,9.0,-1.0,11.0,-1.0,10.25,4.5,6.22,0.0,3.5,2.5,2.8,0.0,1.75,5.5,4.38,0.0,3.59,0.0,-1.0,5.75,0.5,2.07,0.0,-1.0,2.5,5.0,4.25,0.0,2.94,0.0,3.0,9.0,7.8,0.0,0.0,7.0,5.6,0.0,6.7,0.0,10.5,6.0,7.35,0.0,-1.0,11.25,6.0,7.57,0.0,7.48,0.0,-1.0,13.5,4.5,7.2,0.0,-1.0,6.63,4.75,5.31,0.0,5.69,0.0,6.02
70,14.0,-1.0,18.0,-1.0,14.0,-1.0,16.5,-1.0,16.0,-1.0,15.63,-1.0,14.25,15.0,18.0,13.5,-1.0,10.75,-1.0,14.0,-1.0,18.5,8.5,11.5,4.0,16.25,12.5,13.62,2.0,14.5,17.5,16.6,2.0,15.11,4.0,-1.0,14.63,10.0,11.39,3.0,-1.0,15.25,10.5,11.92,2.0,11.6,5.0,10.75,10.0,10.15,2.0,13.0,10.25,10.8,2.0,10.48,4.0,6.5,10.0,8.95,0.0,-1.0,14.5,7.5,9.6,0.0,9.32,0.0,-1.0,13.5,10.0,11.05,3.0,-1.0,8.75,8.0,8.22,0.0,10.98,20.0,11.96
71,10.0,-1.0,9.5,-1.0,6.25,-1.0,13.75,-1.0,13.63,-1.0,11.88,-1.0,15.0,13.0,16.0,14.5,-1.0,11.5,-1.0,14.38,-1.0,12.75,6.0,8.02,0.0,8.0,8.0,8.0,0.0,9.0,8.25,8.48,0.0,8.24,0.0,-1.0,11.25,9.0,9.68,0.0,-1.0,10.63,11.5,11.24,2.0,10.3,5.0,8.25,14.25,13.05,2.0,0.0,11.5,9.2,0.0,11.12,4.0,15.0,12.0,12.9,3.0,-1.0,0.0,10.0,7.0,0.0,9.53,3.0,-1.0,12.5,8.0,9.35,0.0,-1.0,5.5,12.5,10.4,3.0,9.57,15.0,10.21
72,13.5,-1.0,14.0,-1.0,10.75,-1.0,16.0,-1.0,12.0,-1.0,13.25,-1.0,16.0,15.0,19.0,15.0,-1.0,14.0,-1.0,13.75,-1.0,15.75,11.0,12.42,4.0,7.0,10.5,9.45,0.0,16.0,18.0,17.4,2.0,13.42,4.0,-1.0,16.0,12.0,13.2,3.0,-1.0,12.5,14.5,13.9,2.0,13.48,5.0,16.5,11.5,12.5,2.0,11.0,10.5,10.6,2.0,11.55,4.0,17.0,15.0,15.6,3.0,-1.0,16.38,10.0,11.91,4.0,13.49,7.0,-1.0,13.5,12.5,12.8,3.0,-1.0,15.13,6.25,8.91,0.0,12.55,30.0,12.73
73,6.0,-1.0,17.75,-1.0,12.38,-1.0,16.0,-1.0,13.5,-1.0,11.75,-1.0,16.0,13.0,18.0,13.5,-1.0,10.63,-1.0,12.63,-1.0,11.25,3.0,5.48,0.0,7.75,5.0,5.82,0.0,13.75,15.75,15.15,2.0,10.48,4.0,-1.0,15.25,11.5,12.62,3.0,-1.0,13.63,16.5,15.64,2.0,13.83,5.0,4.5,13.75,11.9,2.0,10.0,11.25,11.0,2.0,11.45,4.0,10.0,10.0,10.0,3.0,-1.0,16.25,10.0,11.88,4.0,11.07,7.0,-1.0,13.0,9.0,10.2,3.0,-1.0,4.38,8.75,7.44,0.0,10.31,23.0,11.16
74,2.0,-1.0,4.0,-1.0,5.75,-1.0,13.5,-1.0,9.25,-1.0,15.25,-1.0,15.88,0.0,17.0,16.0,-1.0,14.38,-1.0,8.5,-1.0,2.5,4.5,3.9,0.0,15.5,5.25,8.32,0.0,17.25,11.0,12.88,2.0,10.6,4.0,-1.0,10.25,5.5,6.92,0.0,-1.0,11.88,10.0,10.56,2.0,8.38,2.0,6.25,9.0,8.45,0.0,11.0,12.75,12.4,2.0,10.42,4.0,13.5,6.5,8.6,0.0,-1.0,9.25,3.5,5.22,0.0,6.67,0.0,-1.0,15.0,3.5,6.95,0.0,-1.0,2.0,3.25,2.88,0.0,7.26,10.0,7.92
75,14.5,-1.0,19.5,-1.0,9.13,-1.0,14.5,-1.0,14.5,-1.0,16.13,-1.0,16.5,13.0,18.0,15.0,-1.0,11.25,-1.0,14.25,-1.0,18.0,14.0,15.2,4.0,14.25,17.5,16.52,2.0,20.0,18.0,18.6,2.0,17.56,4.0,-1.0,19.25,12.0,14.17,3.0,-1.0,16.75,0.0,5.02,0.0,10.51,5.0,13.25,8.0,9.05,0.0,11.0,13.5,13.0,2.0,11.02,4.0,15.0,12.0,12.9,3.0,-1.0,15.75,11.5,12.77,4.0,12.83,7.0,-1.0,16.0,8.0,10.4,3.0,-1.0,10.5,13.25,12.42,3.0,12.86,30.0,13.42
76,11.0,-1.0,16.75,-1.0,6.63,-1.0,14.0,-1.0,11.75,-1.0,14.88,-1.0,16.5,14.0,19.0,13.0,-1.0,11.0,-1.0,11.75,-1.0,15.5,13.0,13.75,4.0,8.0,8.25,8.17,0.0,5.0,6.0,5.7,0.0,6.94,0.0,-1.0,9.25,9.0,9.08,0.0,-1.0,10.88,8.0,8.86,0.0,8.99,0.0,5.0,16.5,14.2,2.0,14.0,12.25,12.6,2.0,13.4,4.0,10.0,10.5,10.35,3.0,-1.0,14.63,10.0,11.39,4.0,10.94,7.0,-1.0,13.0,6.5,8.45,0.0,-1.0,9.13,8.5,8.69,0.0,10.31,15.0,11.28
77,9.0,-1.0,8.25,-1.0,3.5,-1.0,15.25,-1.0,4.75,-1.0,3.5,-1.0,5.75,0.0,16.5,0.0,-1.0,0.5,-1.0,7.75,-1.0,11.25,6.0,7.57,0.0,10.25,9.5,9.72,0.0,6.0,7.75,7.22,0.0,8.47,0.0,-1.0,11.5,14.0,13.25,3.0,-1.0,6.25,0.0,1.88,0.0,8.7,3.0,3.75,11.5,9.95,0.0,0.0,12.75,10.2,2.0,10.08,4.0,10.0,11.0,10.7,3.0,-1.0,12.25,9.0,9.98,0.0,10.29,7.0,-1.0,16.0,5.0,8.3,0.0,-1.0,2.0,5.5,4.45,0.0,8.61,14.0,8.92
78,17.0,-1.0,20.0,-1.0,16.75,-1.0,17.0,-1.0,15.25,-1.0,16.0,-1.0,17.0,16.0,17.0,14.5,-1.0,15.75,-1.0,15.75,-1.0,8.0,15.5,13.25,4.0,18.0,13.5,14.85,2.0,14.5,15.5,15.2,2.0,15.02,4.0,-1.0,18.25,12.5,14.22,3.0,-1.0,16.38,16.5,16.46,2.0,15.12,5.0,16.75,15.75,15.95,2.0,11.0,13.5,13.0,2.0,14.48,4.0,12.0,14.0,13.4,3.0,-1.0,16.13,10.0,11.84,4.0,12.51,7.0,-1.0,15.5,14.0,14.45,3.0,-1.0,17.13,13.5,14.59,3.0,14.04,30.0,14.82
79,15.0,-1.0,19.25,-1.0,13.25,-1.0,16.25,-1.0,14.5,-1.0,13.75,-1.0,13.5,14.0,17.0,14.0,-1.0,15.88,-1.0,15.75,-1.0,16.5,10.5,12.3,4.0,4.0,8.75,7.32,0.0,11.25,13.0,12.48,2.0,9.9,2.0,-1.0,7.75,15.0,12.82,3.0,-1.0,13.88,11.5,12.21,2.0,12.58,5.0,10.0,8.5,8.8,0.0,15.0,13.5,13.8,2.0,11.3,4.0,5.5,11.5,9.7,0.0,-1.0,14.0,4.0,7.0,0.0,8.16,0.0,-1.0,13.0,8.75,10.02,3.0,-1.0,10.13,3.25,5.31,0.0,10.0,18.0,11.99
80,2.0,-1.0,0.75,-1.0,3.5,-1.0,14.25,-1.0,2.88,-1.0,2.5,-1.0,6.5,16.0,17.0,0.0,-1.0,2.5,-1.0,0.5,-1.0,9.5,1.0,3.55,0.0,0.5,2.5,1.9,0.0,0.0,5.75,4.02,0.0,2.96,0.0,-1.0,10.5,11.5,11.2,3.0,-1.0,11.5,6.75,8.17,0.0,9.99,3.0,4.0,6.5,6.0,0.0,12.0,12.25,12.2,2.0,9.1,2.0,5.5,10.0,8.65,0.0,-1.0,9.5,10.0,9.85,0.0,9.34,0.0,-1.0,10.0,6.0,7.2,0.0,-1.0,5.5,5.0,5.15,0.0,7.16,5.0,6.94
81,13.0,-1.0,19.75,-1.0,16.88,-1.0,16.25,-1.0,15.88,-1.0,16.63,-1.0,17.0,14.0,17.5,14.0,-1.0,14.25,-1.0,17.0,-1.0,14.75,10.0,11.42,4.0,13.0,14.25,13.88,2.0,8.75,7.5,7.88,0.0,10.88,4.0,-1.0,13.75,12.5,12.88,3.0,-1.0,14.63,14.5,14.54,2.0,13.54,5.0,13.0,9.0,9.8,0.0,15.0,11.5,12.2,2.0,11.0,4.0,14.5,15.0,14.85,3.0,-1.0,16.75,12.0,13.42,4.0,14.03,7.0,-1.0,13.5,13.0,13.15,3.0,-1.0,9.0,9.75,9.52,0.0,12.24,30.0,13.91
82,19.0,-1.0,20.0,-1.0,16.5,-1.0,17.25,-1.0,14.0,-1.0,15.5,-1.0,14.75,14.0,18.0,14.0,-1.0,19.5,-1.0,17.5,-1.0,16.5,16.0,16.15,4.0,15.75,13.25,14.0,2.0,18.75,18.5,18.58,2.0,16.29,4.0,-1.0,15.88,19.0,18.06,3.0,-1.0,15.0,16.5,16.05,2.0,17.26,5.0,15.5,15.5,15.5,2.0,14.5,12.25,12.7,2.0,14.1,4.0,10.0,10.0,10.0,3.0,-1.0,16.0,4.0,7.6,0.0,8.63,3.0,-1.0,15.5,12.5,13.4,3.0,-1.0,14.5,12.0,12.75,3.0,13.71,26.0,14.91
83,7.0,-1.0,9.75,-1.0,4.25,-1.0,15.0,-1.0,12.38,-1.0,11.0,-1.0,12.25,12.0,17.0,13.0,-1.0,11.25,-1.0,15.25,-1.0,14.5,9.0,10.65,4.0,11.75,5.5,7.38,0.0,11.25,15.5,14.22,2.0,10.8,4.0,-1.0,11.75,11.0,11.22,3.0,-1.0,13.0,9.5,10.55,2.0,10.95,5.0,7.75,11.25,10.55,2.0,13.5,12.25,12.5,2.0,11.52,4.0,6.5,16.0,13.15,3.0,-1.0,14.0,10.0,11.2,4.0,12.04,7.0,-1.0,12.5,8.0,9.35,0.0,-1.0,12.88,4.5,7.01,0.0,10.67,24.0,11.02
84,18.0,-1.0,19.75,-1.0,19.13,-1.0,15.5,-1.0,14.25,-1.0,17.75,-1.0,17.0,14.0,17.0,14.0,-1.0,16.0,-1.0,18.5,-1.0,17.0,17.0,17.0,4.0,15.0,15.25,15.17,2.0,19.0,18.5,18.65,2.0,16.91,4.0,-1.0,17.75,13.0,14.42,3.0,-1.0,16.5,16.0,16.15,2.0,15.11,5.0,16.75,8.25,9.95,0.0,18.0,16.5,16.8,2.0,13.38,4.0,10.0,16.0,14.2,3.0,-1.0,14.75,14.5,14.58,4.0,14.42,7.0,-1.0,16.5,14.5,15.1,3.0,-1.0,17.13,10.5,12.49,3.0,14.95,30.0,14.97
85,7.0,-1.0,20.0,-1.0,18.25,-1.0,17.75,-1.0,15.88,-1.0,14.88,-1.0,17.75,14.0,19.0,14.0,-1.0,15.25,-1.0,12.75,-1.0,16.5,14.0,14.75,4.0,18.0,15.75,16.42,2.0,17.0,17.75,17.52,2.0,16.97,4.0,-1.0,17.75,18.0,17.92,3.0,-1.0,15.5,14.5,14.8,2.0,16.67,5.0,17.5,16.5,16.7,2.0,13.5,13.5,13.5,2.0,15.1,4.0,13.5,13.5,13.5,3.0,-1.0,17.25,10.0,12.18,4.0,12.75,7.0,-1.0,14.0,10.5,11.55,3.0,-1.0,11.25,12.0,11.77,3.0,14.33,30.0,14.44
86,13.0,-1.0,13.25,-1.0,12.5,-1.0,14.75,-1.0,15.75,-1.0,16.25,-1.0,16.88,14.0,19.0,15.0,-1.0,12.75,-1.0,13.75,-1.0,12.5,11.5,11.8,4.0,17.5,5.75,9.27,0.0,20.0,14.5,16.15,2.0,12.71,4.0,-1.0,16.0,10.5,12.15,3.0,-1.0,15.38,14.0,14.41,2.0,13.05,5.0,12.0,14.5,14.0,2.0,10.0,15.75,14.6,2.0,14.3,4.0,13.5,11.0,11.75,3.0,-1.0,14.63,13.5,13.84,4.0,12.94,7.0,-1.0,14.0,13.5,13.65,3.0,-1.0,16.25,11.0,12.58,3.0,12.99,30.0,13.8
87,4.0,-1.0,8.25,-1.0,3.88,-1.0,13.5,-1.0,5.5,-1.0,10.5,-1.0,8.5,12.0,17.0,13.5,-1.0,8.5,-1.0,0.5,-1.0,2.5,9.0,7.05,0.0,3.0,1.0,1.6,0.0,4.75,4.25,4.4,0.0,3.0,0.0,-1.0,0.0,10.0,7.0,0.0,-1.0,4.0,4.0,4.0,0.0,5.8,0.0,0.0,3.0,2.4,0.0,0.0,12.25,9.8,0.0,6.1,0.0,10.5,10.0,10.15,3.0,-1.0,12.0,4.0,6.4,0.0,8.01,3.0,-1.0,13.0,7.5,9.15,0.0,-1.0,0.0,0.75,0.52,0.0,5.96,3.0,7.92
88,5.0,-1.0,2.25,-1.0,8.0,-1.0,6.0,-1.0,7.5,-1.0,0.25,-1.0,12.25,0.0,15.0,0.0,-1.0,1.5,-1.0,1.25,-1.0,0.75,0.0,0.22,0.0,4.5,2.0,2.75,0.0,3.5,4.0,3.85,0.0,3.3,0.0,-1.0,1.75,4.0,3.32,0.0,-1.0,2.5,7.0,5.65,0.0,4.25,0.0,2.5,2.0,2.1,0.0,0.0,15.25,12.2,2.0,7.15,2.0,7.0,2.0,3.5,0.0,-1.0,9.5,10.0,9.85,0.0,3.13,0.0,-1.0,10.0,4.75,6.32,0.0,-1.0,0.0,2.75,1.92,0.0,3.69,2.0,4.75
89,2.0,-1.0,0.5,-1.0,1.25,-1.0,11.0,-1.0,4.13,-1.0,0.75,-1.0,5.0,0.0,15.0,0.0,-1.0,1.0,-1.0,4.63,-1.0,12.25,0.0,3.68,0.0,0.0,1.25,0.88,0.0,0.0,6.5,4.55,0.0,2.72,0.0,-1.0,6.0,0.0,1.8,0.0,-1.0,2.25,2.5,2.42,0.0,2.05,0.0,4.5,7.0,6.5,0.0,15.0,12.75,13.2,2.0,9.85,2.0,5.0,10.0,8.5,0.0,-1.0,9.5,4.0,5.65,0.0,6.87,0.0,-1.0,14.0,6.75,8.92,0.0,-1.0,6.0,2.0,3.2,0.0,5.32,2.0,5.28
90,10.0,-1.0,16.5,-1.0,15.25,-1.0,15.75,-1.0,14.0,-1.0,17.13,-1.0,18.25,15.0,19.0,15.0,-1.0,14.75,-1.0,12.5,-1.0,19.0,20.0,19.7,4.0,19.0,8.25,11.48,2.0,19.5,18.25,18.62,2.0,15.05,4.0,-1.0,18.5,15.5,16.4,3.0,-1.0,14.0,15.0,14.7,2.0,15.72,5.0,13.0,16.5,15.8,2.0,13.0,12.5,12.6,2.0,14.2,4.0,16.5,16.0,16.15,3.0,-1.0,15.5,11.0,12.35,4.0,13.98,7.0,-1.0,13.5,12.5,12.8,3.0,-1.0,14.63,11.5,12.44,3.0,14.93,30.0,14.74
91,0.0,-1.0,9.5,-1.0,0.0,-1.0,8.5,-1.0,0.0,-1.0,0.0,-1.0,0.0,15.0,17.0,0.0,-1.0,0.0,-1.0,0.5,-1.0,0.0,0.0,0.0,0.0,0.0,0.0,0.0,0.0,0.0,0.5,0.35,0.0,0.18,0.0,-1.0,0.0,0.0,0.0,0.0,-1.0,0.0,3.5,2.45,0.0,0.98,0.0,0.0,12.5,10.0,2.0,0.0,0.0,0.0,0.0,5.0,2.0,0.0,0.0,0.0,0.0,-1.0,0.0,0.0,0.0,0.0,0.0,0.0,-1.0,0.0,1.0,0.7,0.0,-1.0,0.0,0.0,0.0,0.0,0.92,2.0,3.02
92,10.5,-1.0,16.25,-1.0,18.75,-1.0,17.0,-1.0,13.25,-1.0,14.75,-1.0,18.25,15.0,17.0,14.0,-1.0,17.88,-1.0,16.75,-1.0,15.25,14.0,14.38,4.0,15.0,12.25,13.08,2.0,20.0,19.75,19.82,2.0,16.45,4.0,-1.0,18.75,13.5,15.08,3.0,-1.0,12.75,15.5,14.67,2.0,14.92,5.0,13.75,9.5,10.35,2.0,13.0,13.0,13.0,2.0,11.68,4.0,13.0,13.0,13.0,3.0,-1.0,15.75,13.0,13.82,4.0,13.47,7.0,-1.0,15.5,15.5,15.5,3.0,-1.0,14.0,9.5,10.85,3.0,13.93,30.0,14.24
93,11.5,-1.0,2.5,-1.0,6.5,-1.0,16.25,-1.0,10.38,-1.0,12.0,-1.0,15.25,14.0,18.5,0.0,-1.0,4.5,-1.0,10.0,-1.0,12.75,9.0,10.12,4.0,5.0,2.0,2.9,0.0,4.0,11.25,9.08,0.0,5.99,0.0,-1.0,11.75,13.0,12.62,3.0,-1.0,12.5,11.0,11.45,2.0,12.15,5.0,4.25,2.5,2.85,0.0,10.0,11.25,11.0,2.0,6.92,2.0,5.0,4.0,4.3,0.0,-1.0,12.5,7.0,8.65,0.0,6.79,0.0,-1.0,13.5,3.75,6.68,0.0,-1.0,7.75,5.25,6.0,0.0,7.95,11.0,9.17
94,-1.0,-1.0,-1.0,-1.0,-1.0,-1.0,-1.0,-1.0,-1.0,-1.0,-1.0,-1.0,-1.0,-1.0,-1.0,-1.0,-1.0,-1.0,-1.0,-1.0,-1.0,-1.0,0.0,0.0,0.0,-1.0,-1.0,12.0,2.0,-1.0,1.75,1.75,0.0,6.88,2.0,-1.0,-1.0,0.5,0.5,0.0,-1.0,-1.0,2.5,2.5,0.0,1.3,0.0,-1.0,-1.0,11.0,2.0,-1.0,-1.0,11.9,2.0,11.45,4.0,-1.0,0.5,0.5,0.0,-1.0,-1.0,0.0,0.0,0.0,0.21,0.0,-1.0,-1.0,1.0,1.0,0.0,-1.0,-1.0,0.5,0.5,0.0,2.86,6.0,2.46
95,18.0,-1.0,20.0,-1.0,17.75,-1.0,17.25,-1.0,17.0,-1.0,15.25,-1.0,18.25,16.0,18.0,14.5,-1.0,14.75,-1.0,19.0,-1.0,17.0,15.0,15.6,4.0,18.0,10.5,12.75,2.0,20.0,19.75,19.82,2.0,16.28,4.0,-1.0,17.75,15.5,16.18,3.0,-1.0,15.88,17.0,16.66,2.0,16.37,5.0,20.0,18.25,18.6,2.0,11.0,14.25,13.6,2.0,16.1,4.0,10.0,12.0,11.4,3.0,-1.0,16.63,11.0,12.69,4.0,12.14,7.0,-1.0,15.0,14.5,14.65,3.0,-1.0,16.75,15.25,15.7,3.0,14.99,30.0,15.69
96,10.5,-1.0,15.0,-1.0,9.25,-1.0,14.25,-1.0,13.88,-1.0,12.5,-1.0,15.5,16.0,18.5,14.5,-1.0,10.5,-1.0,14.5,-1.0,13.25,5.5,7.82,0.0,8.25,4.0,5.28,0.0,12.5,12.75,12.67,2.0,8.98,2.0,-1.0,14.75,11.5,12.47,3.0,-1.0,11.5,9.5,10.1,2.0,11.52,5.0,10.5,7.5,8.1,0.0,0.0,13.75,11.0,2.0,9.55,2.0,10.0,12.0,11.4,3.0,-1.0,15.5,11.5,12.7,4.0,12.14,7.0,-1.0,12.5,7.25,8.82,0.0,-1.0,9.38,7.75,8.24,0.0,9.97,16.0,11.73
97,12.75,18.0,13.0,18.0,14.0,17.5,12.0,18.0,11.25,18.0,16.0,18.5,17.0,14.0,17.5,14.0,20.0,17.0,19.0,16.5,15.5,14.5,12.5,13.25,4.0,17.5,15.5,16.1,2.0,19.0,19.0,19.0,2.0,17.55,4.0,18.75,20.0,18.25,18.59,3.0,14.5,16.25,15.0,15.11,2.0,17.2,5.0,11.5,19.0,17.5,2.0,13.0,13.0,12.8,2.0,15.15,4.0,14.0,13.5,13.65,3.0,18.0,13.25,11.5,12.74,4.0,13.13,7.0,16.0,14.75,16.0,15.81,3.0,18.5,12.25,14.5,14.76,3.0,15.12,30.0,15.31
98,10.75,14.0,9.0,11.0,11.0,17.5,15.0,17.5,7.0,16.5,11.5,18.5,12.25,11.5,17.5,14.0,19.0,10.0,18.0,14.5,9.0,7.0,1.0,3.1,0.0,4.5,6.0,5.55,0.0,0.0,7.5,5.25,0.0,5.4,0.0,13.5,7.0,7.25,8.15,0.0,12.0,11.5,5.25,7.2,0.0,7.77,0.0,14.25,18.0,17.25,2.0,14.0,14.0,14.2,2.0,15.72,4.0,14.0,12.5,12.95,3.0,17.0,15.0,11.5,12.85,4.0,12.89,7.0,11.0,11.75,8.0,9.01,0.0,10.25,11.0,9.5,9.84,0.0,9.42,11.0,10.79
99,12.5,20.0,15.0,11.5,14.0,18.0,15.0,11.0,5.5,11.0,13.25,10.0,17.5,10.5,18.0,14.0,16.0,5.5,14.5,14.5,9.5,10.0,5.5,-1.0,0.0,5.0,8.5,-1.0,0.0,4.5,10.75,-1.0,0.0,-1.0,0.0,16.0,5.0,12.25,11.72,3.0,10.0,11.0,10.25,10.32,2.0,11.16,5.0,-1.0,12.0,-1.0,0.0,13.0,13.0,12.6,2.0,11.27,4.0,12.0,11.5,11.65,3.0,18.0,17.5,10.0,12.32,4.0,12.03,7.0,2.5,8.5,11.25,9.52,0.0,7.75,5.75,4.5,5.18,0.0,9.63,16.0,11.32
100,13.5,11.0,6.0,18.0,13.5,18.0,14.0,16.0,13.0,17.25,17.75,18.5,17.0,14.0,18.0,0.0,19.5,13.0,17.0,16.5,19.0,12.0,12.0,13.05,4.0,5.75,13.75,11.35,2.0,19.5,16.5,17.4,2.0,14.38,4.0,19.75,9.0,11.0,12.01,3.0,17.0,10.0,15.0,14.55,2.0,13.03,5.0,13.75,18.0,17.15,2.0,13.0,13.0,12.8,2.0,14.98,4.0,10.0,9.0,9.3,0.0,15.0,12.0,10.0,11.05,4.0,10.3,7.0,19.5,13.5,13.5,14.4,3.0,16.75,11.75,5.5,8.12,0.0,12.48,30.0,13.32
101,15.75,18.0,13.0,11.0,12.5,18.0,14.0,16.0,10.5,12.75,17.25,18.0,14.5,11.0,18.0,14.0,19.0,13.0,16.0,15.5,15.5,7.0,1.0,4.08,0.0,6.25,14.5,12.02,2.0,11.5,13.5,12.9,2.0,12.46,4.0,19.5,14.0,15.75,16.05,3.0,11.5,6.75,14.25,12.71,2.0,14.71,5.0,7.25,16.5,14.65,2.0,15.0,15.0,14.6,2.0,14.62,4.0,10.0,10.0,10.0,3.0,18.0,15.0,14.0,14.75,4.0,12.71,7.0,7.0,12.25,13.0,11.99,3.0,14.5,5.25,6.25,7.34,0.0,11.5,23.0,12.72
102,9.0,15.0,10.0,11.0,11.5,17.5,14.5,17.5,6.25,16.75,11.5,18.5,14.75,8.0,17.5,14.0,20.0,9.5,18.0,16.5,11.5,6.0,8.5,8.58,0.0,5.5,12.0,10.05,2.0,19.0,8.25,11.48,2.0,10.76,4.0,12.0,5.5,9.75,9.45,0.0,12.0,15.75,8.5,10.11,2.0,9.71,2.0,9.5,10.0,9.9,0.0,13.0,13.0,12.8,2.0,11.35,4.0,11.0,9.0,9.6,0.0,17.0,13.5,8.0,10.18,4.0,9.93,4.0,12.0,9.5,9.0,9.52,0.0,16.75,7.0,2.25,5.14,0.0,9.49,14.0,11.25
103,12.5,20.0,16.0,17.0,11.5,18.0,16.0,18.0,5.5,18.0,10.5,17.0,17.0,12.0,18.0,17.0,20.0,8.0,17.75,18.0,10.0,9.0,12.0,11.25,4.0,2.0,10.0,7.6,0.0,13.0,16.5,15.45,2.0,11.52,4.0,17.0,16.0,11.25,12.82,3.0,15.0,7.5,-1.0,10.2,2.0,11.77,5.0,-1.0,16.0,14.45,2.0,15.0,15.0,15.0,2.0,14.72,4.0,12.5,14.5,13.9,3.0,18.0,14.25,13.0,13.94,4.0,13.92,7.0,16.0,9.5,11.75,12.05,3.0,14.5,12.25,11.75,12.24,3.0,12.64,30.0,12.89
104,12.0,18.0,13.0,1.0,10.0,0.0,0.0,10.0,10.5,0.0,0.0,15.0,10.5,0.0,0.0,0.0,0.0,10.0,5.0,11.0,0.0,2.0,0.5,0.65,0.0,5.0,0.5,1.85,0.0,15.0,4.25,7.48,0.0,4.66,0.0,0.0,7.0,5.75,5.07,0.0,12.0,6.5,3.75,5.4,0.0,5.2,0.0,9.0,10.0,9.8,0.0,13.0,13.0,10.4,2.0,10.1,4.0,10.5,2.5,4.9,0.0,18.0,14.25,12.5,13.59,4.0,9.87,4.0,2.5,8.5,3.5,4.1,0.0,9.75,2.75,2.5,3.62,0.0,6.0,8.0,5.2
105,7.5,13.0,8.0,1.0,10.0,17.5,6.5,0.0,7.5,0.0,0.5,10.0,15.75,7.0,17.5,0.0,0.0,9.0,5.0,19.5,0.0,1.0,-1.0,0.15,0.0,3.75,-1.0,1.12,0.0,6.5,-1.0,1.95,0.0,1.54,0.0,0.0,4.5,-1.0,0.67,0.0,8.0,3.5,3.5,4.18,0.0,2.07,0.0,5.75,0.0,1.15,0.0,0.0,0.0,0.0,0.0,0.58,0.0,7.0,5.0,5.6,0.0,0.0,5.0,-1.0,0.75,0.0,2.83,0.0,5.0,0.0,-1.0,0.75,0.0,0.0,2.5,-1.0,0.38,0.0,1.42,0.0,5.41
106,16.5,16.0,11.0,14.0,14.0,18.0,15.5,18.0,11.0,18.0,14.75,18.0,14.5,15.0,18.0,14.0,19.5,14.5,15.0,18.5,14.0,15.0,12.0,12.75,4.0,12.75,12.0,12.22,2.0,14.0,15.5,15.05,2.0,13.64,4.0,20.0,18.0,15.25,16.38,3.0,14.5,18.5,13.5,14.4,2.0,15.59,5.0,11.25,12.0,11.85,2.0,13.0,13.0,13.0,2.0,12.42,4.0,12.0,7.0,8.5,0.0,18.0,15.0,15.0,15.45,4.0,12.47,7.0,18.0,16.0,14.25,15.08,3.0,13.25,15.25,9.25,10.75,3.0,13.27,30.0,13.78
107,10.75,18.0,13.0,14.0,9.5,18.0,14.0,16.5,6.0,13.0,15.25,18.0,9.75,7.0,18.0,13.0,18.0,14.0,16.5,14.0,10.5,2.0,2.0,3.28,0.0,11.0,15.0,13.8,2.0,8.0,13.0,11.5,2.0,12.65,4.0,13.0,8.5,13.25,12.5,3.0,12.5,6.25,12.75,11.74,2.0,12.2,5.0,5.5,14.5,12.7,2.0,13.0,13.0,12.8,2.0,12.75,4.0,15.0,14.5,14.65,3.0,14.0,15.5,10.0,11.42,4.0,12.8,7.0,8.0,8.25,6.5,6.99,0.0,12.75,5.0,7.0,7.56,0.0,10.3,20.0,11.52
108,12.25,20.0,18.0,17.5,12.0,17.5,14.5,17.0,10.5,17.5,12.0,18.0,17.5,13.5,17.5,11.0,20.0,17.0,17.0,16.0,13.0,5.0,6.0,6.9,0.0,12.0,12.0,12.0,2.0,17.0,14.0,15.0,2.0,13.0,4.0,14.0,13.0,10.0,11.0,3.0,8.0,10.0,8.5,8.6,0.0,10.0,5.0,10.0,8.0,8.5,0.0,14.0,14.0,13.0,2.0,10.0,4.0,13.0,12.0,12.0,3.0,14.0,13.0,10.0,11.0,4.0,11.0,7.0,16.5,13.0,11.5,12.47,3.0,14.5,7.25,9.5,9.91,0.0,10.98,26.0,12.46
109,12.0,13.0,8.0,15.0,7.5,-1.0,-1.0,0.0,4.0,10.0,1.25,10.0,13.0,-1.0,-1.0,-1.0,15.0,7.0,15.5,8.5,0.0,6.0,3.0,3.0,0.0,2.5,1.25,1.62,0.0,-1.0,-1.0,10.3,2.0,5.96,2.0,16.0,7.5,6.0,7.72,0.0,8.0,6.5,2.25,3.75,0.0,6.13,0.0,3.75,3.0,3.15,0.0,-1.0,-1.0,11.4,2.0,7.28,2.0,-1.0,-1.0,-1.0,-1.0,-1.0,-1.0,-1.0,-1.0,-1.0,12.57,7.0,0.0,5.0,4.0,3.55,0.0,0.0,2.25,2.5,2.09,0.0,6.68,11.0,7.87
110,17.0,20.0,15.0,13.0,8.5,17.5,15.0,16.0,3.0,16.75,5.25,17.0,9.75,10.5,17.5,13.5,16.0,8.5,10.0,15.0,16.0,7.0,5.5,7.3,0.0,4.75,0.0,1.42,0.0,1.5,12.5,9.2,0.0,5.31,0.0,17.5,2.0,16.5,14.47,3.0,10.0,7.25,12.75,11.51,2.0,13.29,5.0,11.5,12.0,11.9,2.0,0.0,0.0,2.8,0.0,7.35,2.0,7.0,10.0,9.1,0.0,16.0,13.0,11.0,12.05,4.0,10.79,7.0,10.0,14.25,12.25,12.21,3.0,0.0,11.75,4.25,4.74,0.0,9.09,17.0,11.08
111,17.25,15.0,10.0,17.0,12.5,17.5,17.0,18.5,9.0,17.5,14.0,18.0,14.0,14.0,17.5,11.0,19.5,15.0,16.0,18.5,5.5,10.0,13.0,11.42,4.0,9.0,7.5,-1.0,0.0,16.0,17.0,16.7,2.0,12.32,4.0,19.75,13.0,16.75,16.64,3.0,13.5,-1.0,13.25,12.39,2.0,14.94,5.0,14.75,12.5,12.95,2.0,15.0,15.0,14.4,2.0,13.68,4.0,14.0,12.5,12.95,3.0,14.0,16.5,12.5,13.32,4.0,13.16,7.0,15.0,12.5,9.5,10.77,3.0,15.0,6.5,7.75,8.65,0.0,12.49,27.0,13.76
112,16.5,18.0,13.0,17.0,18.5,17.5,15.5,18.0,9.0,14.75,11.0,17.5,14.0,10.5,17.5,11.0,20.0,16.0,18.0,10.0,10.0,3.0,0.5,2.3,0.0,2.5,5.75,4.77,0.0,15.5,7.25,9.72,0.0,7.24,0.0,12.0,4.0,3.0,4.5,0.0,8.0,6.25,6.0,6.34,0.0,5.24,0.0,10.75,11.0,10.95,2.0,14.0,14.0,12.8,2.0,11.88,4.0,10.0,8.5,8.95,0.0,14.0,11.5,7.0,8.72,0.0,8.82,0.0,11.5,6.75,7.75,8.16,0.0,14.75,9.5,3.5,6.09,0.0,7.21,4.0,10.56
113,11.5,20.0,17.0,15.0,14.5,17.5,16.0,15.0,13.25,15.0,14.5,17.0,15.75,8.5,17.5,13.0,18.0,13.5,17.0,18.5,9.0,17.0,15.0,14.4,4.0,13.25,12.5,12.72,2.0,13.75,15.75,15.15,2.0,13.94,4.0,19.75,14.0,18.0,17.66,3.0,12.0,14.0,12.75,12.82,2.0,15.72,5.0,11.25,14.5,13.85,2.0,12.0,12.0,12.2,2.0,13.02,4.0,12.0,7.5,-1.0,0.0,16.0,14.0,11.0,12.2,4.0,10.76,7.0,8.5,10.5,15.5,13.7,3.0,10.25,10.0,10.0,10.04,3.0,13.02,30.0,13.85
114,15.0,18.0,13.0,14.0,12.0,17.5,16.0,18.5,8.0,17.5,11.5,18.5,17.5,12.0,17.5,13.0,20.0,12.0,18.0,19.5,18.5,8.0,10.0,10.98,4.0,6.0,10.0,8.8,0.0,13.0,7.5,-1.0,0.0,-1.0,0.0,18.75,15.5,10.75,12.66,3.0,12.5,10.5,12.75,12.37,2.0,12.54,5.0,-1.0,13.5,12.25,2.0,14.0,14.0,13.6,2.0,12.92,4.0,10.5,12.0,11.55,3.0,16.0,17.5,19.0,18.32,4.0,15.42,7.0,12.0,15.0,14.25,14.02,3.0,13.25,12.5,11.0,11.56,3.0,12.63,26.0,13.86
115,11.5,15.0,10.0,10.0,13.0,18.0,16.5,18.0,10.5,18.0,13.0,18.0,15.25,7.5,18.0,14.0,20.0,14.0,16.0,12.5,16.0,9.0,3.0,5.85,0.0,7.5,5.5,6.1,0.0,17.5,10.25,12.42,2.0,9.26,2.0,14.75,10.5,7.0,8.69,0.0,11.0,13.75,12.25,12.29,2.0,10.13,5.0,13.25,9.0,9.85,0.0,13.0,13.0,12.4,2.0,11.12,4.0,10.0,10.0,10.0,3.0,13.0,13.75,11.0,11.71,4.0,10.98,7.0,0.0,9.0,10.5,8.7,0.0,5.5,8.25,4.75,5.39,0.0,9.16,18.0,11.44
116,13.75,18.0,13.0,13.5,13.5,18.0,17.0,18.0,6.0,16.5,16.25,18.0,15.25,12.5,18.0,14.0,20.0,11.0,16.0,16.0,9.5,6.0,11.0,10.02,4.0,8.0,13.75,12.02,2.0,15.0,7.25,9.58,0.0,10.8,4.0,18.5,14.0,10.75,12.4,3.0,11.5,6.25,13.0,11.76,2.0,12.14,5.0,8.5,9.0,8.9,0.0,13.0,13.0,12.4,2.0,10.65,4.0,11.5,12.0,11.85,3.0,0.0,14.25,12.25,10.71,4.0,11.2,7.0,5.0,9.75,11.75,10.44,3.0,6.75,7.0,11.25,9.94,0.0,10.87,30.0,12.82
117,11.25,17.0,12.0,14.0,14.5,17.5,14.0,10.0,8.0,11.0,14.75,16.0,15.25,11.0,17.5,14.0,16.0,11.0,10.0,12.0,0.0,8.0,10.0,8.2,0.0,11.0,9.0,9.6,0.0,0.0,12.25,-1.0,0.0,-1.0,0.0,18.0,2.0,13.75,12.62,3.0,10.0,6.5,9.0,-1.0,0.0,11.08,5.0,5.0,8.5,7.8,0.0,15.0,15.0,12.0,2.0,9.9,2.0,11.0,11.5,11.35,3.0,15.0,16.0,17.25,16.72,4.0,14.42,7.0,2.5,0.0,5.0,3.88,0.0,5.5,3.75,4.25,4.36,0.0,9.66,14.0,10.96
118,10.75,18.0,13.0,17.5,13.0,18.0,13.5,16.0,8.0,15.25,12.75,18.0,14.5,13.5,18.0,13.0,18.5,15.0,15.0,14.5,8.0,11.0,4.0,5.65,0.0,14.5,11.75,12.58,2.0,16.25,12.25,13.45,2.0,13.02,4.0,18.0,10.0,10.75,11.72,3.0,13.0,13.25,12.25,12.51,2.0,12.04,5.0,8.5,17.5,15.7,2.0,15.0,15.0,14.2,2.0,14.95,4.0,12.0,10.0,10.6,3.0,18.0,11.75,6.0,8.66,0.0,9.49,3.0,9.0,11.5,13.25,12.35,3.0,16.25,5.5,4.0,6.06,0.0,10.54,19.0,12.06
119,7.75,19.0,14.0,1.0,5.5,17.5,15.5,13.0,7.25,10.0,8.5,10.0,11.0,4.5,17.5,0.0,16.0,13.5,15.5,10.0,15.0,1.0,1.0,3.1,0.0,3.5,3.0,3.15,0.0,3.0,1.0,1.6,0.0,2.38,0.0,5.0,3.5,5.0,4.78,0.0,12.5,8.25,8.25,8.89,0.0,6.42,0.0,3.75,8.0,7.15,0.0,0.0,0.0,2.4,0.0,4.78,0.0,4.0,12.0,9.6,0.0,0.0,5.0,4.5,3.9,0.0,6.34,0.0,6.5,4.25,8.0,7.21,0.0,0.0,3.75,4.25,3.54,0.0,4.99,0.0,7.58
120,6.2,10.0,15.0,10.0,8.0,10.0,11.0,15.0,4.5,0.0,7.2,18.0,14.0,10.0,-1.0,7.0,12.0,5.0,17.0,7.5,0.0,1.0,3.5,2.6,0.0,2.0,-1.0,-1.0,0.0,12.5,-1.0,-1.0,0.0,-1.0,0.0,0.0,3.0,-1.0,-1.0,0.0,10.0,-1.0,6.5,-1.0,0.0,-1.0,0.0,10.25,14.0,13.25,2.0,10.0,10.0,8.0,0.0,10.62,4.0,13.0,10.5,11.25,3.0,18.0,14.0,-1.0,-1.0,0.0,10.26,7.0,0.0,4.0,5.25,4.27,0.0,0.0,2.75,8.0,6.01,0.0,6.58,11.0,8.06
121,8.25,10.0,15.0,10.0,11.5,0.0,11.0,14.0,10.0,10.0,12.0,12.0,17.0,0.0,17.5,5.0,15.0,10.0,13.0,12.0,0.0,13.0,13.0,11.05,4.0,10.5,13.0,12.25,2.0,15.5,19.5,18.3,2.0,15.28,4.0,13.0,4.0,9.0,8.85,0.0,11.0,6.0,5.0,6.05,0.0,7.73,0.0,12.25,10.5,10.85,2.0,0.0,0.0,2.6,0.0,6.72,2.0,13.5,4.0,6.85,0.0,18.0,12.25,14.75,14.86,4.0,11.43,7.0,5.0,3.75,-1.0,1.31,0.0,5.25,5.75,-1.0,1.65,0.0,8.66,17.0,9.84
122,0.0,10.0,15.0,1.0,6.0,0.0,14.5,0.0,14.5,0.0,9.75,15.0,14.0,10.0,-1.0,10.0,15.0,12.0,12.0,19.0,0.0,0.0,-1.0,0.0,0.0,0.0,-1.0,0.0,0.0,0.0,-1.0,0.0,0.0,0.0,0.0,0.0,0.0,-1.0,0.0,0.0,8.0,0.0,-1.0,1.2,0.0,0.48,0.0,-1.0,-1.0,-1.0,-1.0,-1.0,-1.0,-1.0,-1.0,12.05,4.0,9.0,-1.0,2.7,0.0,17.0,0.0,-1.0,2.55,0.0,2.61,0.0,0.0,0.0,-1.0,0.0,0.0,0.0,0.0,-1.0,0.0,0.0,2.3,4.0,3.92
123,9.0,10.0,11.0,11.0,10.0,17.0,12.5,14.0,3.5,13.75,5.75,15.0,8.0,7.0,17.5,7.0,0.0,10.0,17.5,12.0,16.0,0.0,0.5,2.75,0.0,3.25,2.0,2.38,0.0,0.0,4.0,2.8,0.0,2.59,0.0,0.0,10.0,3.75,4.12,0.0,8.0,4.75,7.25,6.99,0.0,5.27,0.0,3.0,12.5,10.6,2.0,13.0,13.0,10.4,2.0,10.5,4.0,11.5,10.0,10.45,3.0,19.0,17.0,10.0,12.4,4.0,11.56,7.0,5.0,7.5,9.25,8.35,0.0,0.0,10.0,6.5,6.05,0.0,7.13,11.0,8.13
124,14.5,18.0,19.0,16.5,12.5,16.0,14.0,18.0,12.75,18.0,16.5,16.5,17.0,16.0,18.0,14.0,20.0,17.0,20.0,18.5,13.0,16.0,11.5,12.4,4.0,17.25,16.0,16.38,2.0,18.0,18.0,18.0,2.0,17.19,4.0,19.75,10.0,12.0,12.86,3.0,15.5,14.5,14.0,14.3,2.0,13.44,5.0,16.0,15.0,15.2,2.0,15.0,15.0,15.0,2.0,15.1,4.0,16.5,15.0,15.45,3.0,19.0,18.0,13.75,15.18,4.0,15.3,7.0,18.0,14.25,11.0,12.54,3.0,17.5,13.75,13.25,13.96,3.0,14.42,30.0,15.36
125,13.25,14.0,17.0,19.0,18.0,17.0,13.5,18.5,11.0,14.0,13.0,15.0,15.0,16.0,18.0,15.0,20.0,13.0,17.0,13.0,12.0,11.0,12.0,11.85,4.0,11.25,11.0,11.08,2.0,19.0,18.5,18.65,2.0,14.86,4.0,18.5,10.0,10.0,11.27,3.0,17.5,12.5,10.75,12.02,2.0,11.57,5.0,15.75,11.0,11.95,2.0,12.0,12.0,12.6,2.0,12.27,4.0,16.0,12.0,13.2,3.0,17.5,12.0,12.25,13.0,4.0,13.09,7.0,19.0,10.0,10.0,11.35,3.0,13.75,9.0,11.5,11.46,3.0,12.46,30.0,12.85
126,0.0,10.0,0.0,0.0,0.0,0.0,0.0,0.0,0.0,0.0,0.0,12.0,0.0,0.0,-1.0,0.0,0.0,0.0,0.0,0.0,0.0,6.0,-1.0,0.9,0.0,6.75,-1.0,2.02,0.0,12.75,-1.0,3.82,0.0,2.92,0.0,0.0,4.5,-1.0,0.67,0.0,8.0,9.5,-1.0,2.62,0.0,1.45,0.0,-1.0,-1.0,-1.0,-1.0,-1.0,-1.0,-1.0,-1.0,10.95,4.0,13.0,-1.0,3.9,0.0,15.0,12.0,-1.0,4.05,0.0,3.99,0.0,8.5,8.25,-1.0,2.51,0.0,2.0,9.0,-1.0,1.65,0.0,3.56,4.0,2.48
127,13.0,14.0,18.0,16.0,17.0,17.0,16.5,18.5,8.5,17.25,13.25,17.5,18.0,5.0,17.5,10.0,18.0,7.0,15.0,13.0,17.0,11.0,5.0,7.7,0.0,5.25,13.5,11.02,2.0,14.5,17.75,16.78,2.0,13.9,4.0,14.5,17.0,18.25,17.5,3.0,15.0,10.25,10.75,11.31,2.0,15.02,5.0,5.25,13.5,11.85,2.0,11.0,11.0,11.6,2.0,11.72,4.0,13.0,13.5,13.35,3.0,18.5,16.5,12.0,13.65,4.0,13.52,7.0,12.0,10.25,9.75,10.16,3.0,14.25,6.5,7.75,8.54,0.0,11.97,23.0,12.68
128,11.5,14.0,13.0,12.0,13.0,17.0,9.0,14.0,5.0,10.0,8.25,17.5,14.0,11.0,17.5,12.0,17.0,7.0,15.0,17.5,12.0,3.0,10.0,9.25,0.0,7.5,4.5,5.4,0.0,11.5,8.75,9.58,0.0,7.49,0.0,11.0,1.5,4.0,4.68,0.0,8.0,6.0,8.25,7.88,0.0,5.96,0.0,9.0,11.5,11.0,2.0,11.0,11.0,11.6,2.0,11.3,4.0,7.5,9.0,8.55,0.0,18.0,10.0,5.0,7.7,0.0,8.06,0.0,2.5,7.25,9.75,8.29,0.0,6.0,7.25,5.25,5.66,0.0,8.01,4.0,10.46
129,14.5,18.0,18.0,16.0,14.5,17.0,13.5,16.5,11.75,17.0,17.25,18.75,19.5,10.0,18.0,8.0,20.0,15.0,17.0,11.0,14.0,12.0,19.5,17.55,4.0,15.0,18.75,17.62,2.0,18.0,19.0,18.7,2.0,18.16,4.0,19.75,20.0,16.5,17.51,3.0,13.0,13.25,11.75,12.16,2.0,15.37,5.0,11.5,15.75,14.9,2.0,12.0,12.0,12.6,2.0,13.75,4.0,12.5,13.5,13.2,3.0,18.0,13.0,13.75,14.27,4.0,13.81,7.0,17.0,12.0,11.0,12.05,3.0,16.0,8.5,12.25,12.25,3.0,14.81,30.0,15.1
130,14.75,18.0,10.0,19.0,17.0,18.0,14.5,17.0,7.0,14.5,12.5,19.0,15.0,12.0,18.0,13.0,18.5,17.0,16.0,18.0,15.0,18.5,20.0,19.02,4.0,17.75,18.5,18.28,2.0,18.0,17.5,17.65,2.0,17.96,4.0,20.0,18.5,14.25,15.75,3.0,12.0,14.5,14.0,13.77,2.0,14.96,5.0,15.75,13.5,13.95,2.0,11.0,11.0,11.4,2.0,12.68,4.0,16.5,16.0,16.15,3.0,18.0,13.0,13.25,13.92,4.0,14.88,7.0,19.0,14.5,15.25,15.7,3.0,17.25,9.75,8.75,10.18,3.0,15.17,30.0,15.06
131,10.0,18.0,18.0,14.0,12.5,16.0,13.5,16.0,6.5,16.5,10.5,16.0,17.75,7.0,17.5,8.0,20.0,7.5,17.0,3.0,13.0,7.0,10.0,10.0,4.0,12.25,17.0,15.58,2.0,17.0,19.0,18.4,2.0,16.99,4.0,19.75,14.0,17.5,17.31,3.0,13.5,6.5,13.75,12.62,2.0,15.43,5.0,10.25,8.0,8.45,0.0,11.0,11.0,11.2,2.0,9.82,2.0,16.5,11.0,12.65,3.0,19.0,17.0,17.0,17.3,4.0,15.31,7.0,14.5,11.5,8.25,9.67,0.0,17.5,7.75,3.75,6.41,0.0,12.66,22.0,12.87
132,16.75,18.0,12.0,13.0,13.0,16.0,14.0,16.0,9.0,17.5,10.0,16.0,17.0,10.0,17.5,13.0,19.0,13.0,18.0,12.0,14.0,5.0,10.0,9.85,0.0,8.5,5.5,6.4,0.0,17.0,12.75,14.02,2.0,10.21,4.0,20.0,17.5,17.0,17.52,3.0,13.0,10.5,11.25,11.4,2.0,15.07,5.0,9.5,10.5,10.3,2.0,13.0,13.0,12.8,2.0,11.55,4.0,15.0,13.0,13.6,3.0,19.0,16.0,11.75,13.48,4.0,13.53,7.0,12.0,10.75,13.5,12.86,3.0,16.0,3.5,6.75,7.65,0.0,11.94,26.0,12.5
133,7.25,18.0,10.0,18.0,10.5,12.0,13.0,19.0,9.25,16.0,10.5,18.75,10.0,8.0,17.5,11.0,18.0,12.5,17.0,8.0,13.0,4.0,1.5,3.6,0.0,8.5,3.5,5.0,0.0,9.75,11.0,10.62,2.0,7.81,2.0,17.5,13.5,8.25,10.42,3.0,13.0,11.0,7.0,8.5,0.0,9.65,3.0,11.75,9.0,9.55,0.0,14.0,14.0,13.8,2.0,11.68,4.0,9.0,10.0,9.7,0.0,17.5,10.0,10.75,11.65,4.0,10.81,7.0,7.0,4.75,6.5,6.31,0.0,11.25,7.75,4.75,6.18,0.0,8.46,16.0,10.16
134,11.25,14.0,14.0,16.0,12.5,10.0,11.5,17.0,4.0,15.0,11.5,16.5,14.5,11.0,17.5,12.0,18.0,13.0,18.0,18.0,9.5,9.0,3.0,4.88,0.0,9.75,9.25,9.4,0.0,7.0,7.5,7.35,0.0,8.38,0.0,12.0,5.0,4.0,5.35,0.0,14.0,9.0,10.25,10.62,2.0,7.46,2.0,11.0,12.0,11.8,2.0,11.0,11.0,11.2,2.0,11.5,4.0,10.0,11.5,11.05,3.0,17.5,12.75,7.25,9.61,0.0,10.23,7.0,17.0,6.25,9.0,9.79,0.0,11.5,6.25,4.25,5.64,0.0,8.47,13.0,7.32
135,9.25,14.0,13.0,16.0,15.5,10.0,12.5,17.0,2.5,15.5,10.5,16.5,14.5,12.0,17.5,12.0,20.0,12.0,18.0,16.0,7.0,9.0,3.0,4.5,0.0,5.0,9.5,8.15,0.0,11.5,10.0,10.45,2.0,9.3,2.0,15.5,2.5,7.25,7.77,0.0,13.0,9.25,12.5,12.09,2.0,9.5,2.0,7.25,13.0,11.85,2.0,8.0,8.0,8.8,0.0,10.32,4.0,14.0,9.5,10.85,3.0,18.0,14.0,10.0,11.8,4.0,11.39,7.0,17.0,7.5,6.75,8.4,0.0,9.0,7.25,5.25,6.11,0.0,8.91,15.0,10.5
136,8.0,18.0,12.0,13.0,12.5,16.0,9.5,16.0,4.5,15.0,10.0,16.0,17.0,8.0,17.5,8.0,19.0,10.0,18.0,13.0,14.0,7.0,4.5,6.3,0.0,-1.0,10.0,-1.0,0.0,10.0,10.25,10.18,2.0,9.6,2.0,16.0,10.0,10.25,11.08,3.0,12.5,11.0,-1.0,-1.0,0.0,10.51,5.0,-1.0,9.5,-1.0,0.0,13.0,13.0,12.8,2.0,11.12,4.0,15.0,12.5,13.25,3.0,18.0,17.5,10.25,12.5,4.0,12.82,7.0,12.0,10.25,5.75,7.36,0.0,15.25,7.75,9.25,9.92,0.0,10.07,18.0,10.64
137,11.25,14.0,14.0,13.5,14.5,18.0,15.5,15.0,9.0,12.0,14.5,19.0,15.0,10.0,18.0,12.0,16.5,13.0,15.0,17.5,11.0,9.0,16.0,14.2,4.0,16.5,15.0,15.45,2.0,14.5,14.25,14.32,2.0,14.88,4.0,15.5,8.0,11.75,11.75,3.0,12.5,15.5,13.25,13.47,2.0,12.44,5.0,13.5,11.5,11.9,2.0,15.0,15.0,15.0,2.0,13.45,4.0,16.0,13.0,13.9,3.0,17.5,14.0,10.0,11.72,4.0,12.65,7.0,16.5,11.5,13.25,13.47,3.0,15.75,11.5,11.0,11.79,3.0,13.22,30.0,12.91
138,17.75,18.0,16.0,17.0,11.0,18.0,14.0,17.5,14.0,14.5,14.5,18.5,15.0,14.0,18.0,13.0,20.0,12.5,18.0,19.0,16.0,11.0,17.0,15.95,4.0,12.75,11.0,11.52,2.0,15.0,13.5,13.95,2.0,12.74,4.0,19.75,12.0,15.0,15.26,3.0,14.0,10.0,10.75,11.12,2.0,13.6,5.0,15.2,19.0,18.24,2.0,12.0,12.0,12.2,2.0,15.22,4.0,15.0,15.0,15.0,3.0,18.0,15.0,13.0,14.05,4.0,14.46,7.0,19.0,14.75,13.5,14.51,3.0,18.5,12.0,15.25,15.25,3.0,14.47,30.0,14.3
139,0.0,-1.0,-1.0,0.0,0.0,-1.0,-1.0,-1.0,-1.0,-1.0,-1.0,-1.0,-1.0,15.0,-1.0,15.0,-1.0,-1.0,-1.0,-1.0,7.0,10.0,7.5,7.8,0.0,-1.0,-1.0,-1.0,-1.0,-1.0,-1.0,-1.0,-1.0,10.44,4.0,14.75,10.5,7.5,9.04,0.0,12.0,6.0,7.75,8.12,0.0,8.67,0.0,7.75,4.5,5.15,0.0,-1.0,-1.0,10.4,2.0,7.78,2.0,-1.0,-1.0,-1.0,-1.0,-1.0,-1.0,-1.0,-1.0,-1.0,10.2,7.0,0.0,8.5,5.5,5.12,0.0,2.5,8.25,4.75,4.94,0.0,8.3,13.0,9.96
140,11.5,14.0,12.0,12.5,8.0,18.0,15.5,14.0,8.25,15.0,13.0,15.0,16.0,10.0,17.5,13.0,19.0,10.0,17.0,15.5,6.0,5.0,2.5,3.4,0.0,7.5,5.5,6.1,0.0,7.5,8.5,8.2,0.0,7.15,0.0,17.5,16.5,11.75,13.32,3.0,12.5,15.5,9.0,10.5,2.0,12.19,5.0,14.75,10.0,10.95,2.0,9.5,9.5,9.4,0.0,10.18,4.0,10.5,13.0,12.25,3.0,18.5,14.0,10.25,12.05,4.0,12.14,7.0,10.5,10.0,10.5,10.42,3.0,13.25,8.5,5.0,6.76,0.0,9.35,19.0,11.66
141,16.0,18.0,17.0,18.0,14.0,16.0,16.0,16.5,12.25,17.5,16.75,15.0,17.0,15.0,17.5,15.0,18.5,14.0,19.0,18.5,19.0,14.0,17.0,16.85,4.0,17.0,12.5,13.85,2.0,15.0,11.75,12.72,2.0,13.28,4.0,19.0,14.5,15.25,15.7,3.0,12.5,16.0,14.5,14.42,2.0,15.19,5.0,17.25,17.5,17.45,2.0,13.0,13.0,12.8,2.0,15.12,4.0,16.0,16.0,16.0,3.0,19.0,16.5,13.5,14.77,4.0,15.3,7.0,18.5,14.25,17.5,17.16,3.0,15.0,9.25,15.75,14.66,3.0,15.32,30.0,15.61
142,11.0,14.0,16.0,14.0,10.0,17.0,12.5,13.5,11.25,11.0,12.75,17.0,15.75,14.5,17.25,11.0,16.5,10.0,16.0,5.0,5.0,13.0,13.5,12.15,4.0,7.5,8.0,-1.0,0.0,13.0,12.75,12.82,2.0,10.34,4.0,10.0,5.0,8.0,-1.0,0.0,11.0,10.5,8.5,-1.0,0.0,-1.0,0.0,14.0,8.0,9.2,0.0,11.5,11.5,10.0,2.0,9.6,2.0,9.0,8.0,8.3,0.0,18.5,12.0,12.25,13.15,4.0,11.07,7.0,10.0,10.5,6.5,7.62,0.0,10.25,7.75,6.5,7.25,0.0,9.75,17.0,11.1
143,13.0,18.0,9.0,17.0,9.5,13.0,11.0,18.0,7.25,15.5,13.25,18.0,15.0,16.0,17.5,14.0,20.0,12.0,19.5,15.5,10.0,3.0,6.5,6.5,0.0,1.5,6.5,5.0,0.0,4.0,1.0,1.9,0.0,3.45,0.0,11.0,4.0,6.5,6.8,0.0,12.0,5.25,10.0,9.59,0.0,7.92,0.0,7.5,10.5,9.9,0.0,10.5,10.5,10.8,2.0,10.35,4.0,10.0,6.0,7.2,0.0,18.0,12.5,2.5,6.32,0.0,6.7,0.0,16.5,7.5,8.25,9.38,0.0,14.0,6.0,9.25,9.48,0.0,7.48,4.0,10.46
144,13.5,14.0,14.0,13.0,15.0,13.0,15.0,18.0,6.25,16.0,13.25,18.0,13.5,13.5,17.5,14.0,20.0,12.0,18.5,19.5,12.0,10.0,12.5,12.05,4.0,2.5,7.0,5.65,0.0,10.5,6.25,7.52,0.0,6.58,0.0,16.75,11.0,10.0,11.16,3.0,11.5,8.25,8.0,8.56,0.0,10.12,5.0,9.5,12.75,12.1,2.0,13.5,13.5,12.7,2.0,12.4,4.0,10.0,14.0,12.8,3.0,18.0,14.5,10.0,11.88,4.0,12.27,7.0,13.0,6.25,12.75,11.81,3.0,13.75,9.75,2.0,4.92,0.0,10.36,23.0,11.82
145,16.5,20.0,19.0,16.0,14.5,16.0,14.0,17.5,15.0,16.25,0.0,19.5,16.5,13.0,17.5,13.0,19.0,0.0,19.0,18.5,16.5,13.5,14.5,14.65,4.0,16.5,16.5,16.5,2.0,17.0,18.75,18.22,2.0,17.36,4.0,20.0,10.5,15.25,15.25,3.0,12.5,15.25,14.5,14.31,2.0,14.87,5.0,13.25,14.5,14.25,2.0,15.0,15.0,14.2,2.0,14.22,4.0,14.0,10.0,11.2,3.0,18.0,15.0,8.25,10.72,4.0,10.93,7.0,18.0,12.5,14.25,14.55,3.0,16.75,14.25,16.0,15.85,3.0,14.23,30.0,14.67
146,7.75,10.0,11.0,1.0,11.5,0.0,12.0,11.0,1.25,14.0,4.5,15.0,8.5,12.0,17.25,11.0,16.0,6.0,16.5,2.0,3.0,12.0,4.5,5.4,0.0,2.0,3.25,2.88,0.0,7.0,5.75,6.12,0.0,4.5,0.0,16.75,19.0,3.75,7.99,0.0,16.5,10.5,14.5,14.2,2.0,10.47,5.0,8.0,14.5,13.2,2.0,10.5,10.5,9.7,0.0,11.45,4.0,7.5,2.75,4.18,0.0,18.0,12.0,7.0,9.4,0.0,7.16,0.0,5.0,5.0,12.25,10.08,3.0,6.25,5.0,9.0,7.99,0.0,8.07,12.0,8.66
147,0.0,10.0,0.0,0.0,0.0,0.0,0.0,0.0,0.0,0.0,0.0,12.0,0.0,0.0,0.0,0.0,0.0,0.0,0.0,0.0,0.0,2.0,-1.0,0.3,0.0,4.5,0.0,-1.0,0.0,5.0,-1.0,-1.0,0.0,-1.0,0.0,0.0,12.5,-1.0,-1.0,0.0,8.0,5.5,6.5,-1.0,0.0,-1.0,0.0,-1.0,9.0,-1.0,0.0,12.0,12.0,11.9,2.0,10.28,4.0,9.0,7.5,-1.0,0.0,18.0,12.75,10.25,11.79,4.0,10.14,7.0,8.5,0.0,7.25,6.35,0.0,5.5,3.0,3.75,3.9,0.0,6.23,11.0,3.28
148,12.0,18.0,18.0,16.0,13.5,16.0,13.0,17.5,5.0,16.0,15.5,19.5,13.5,13.0,17.5,0.0,20.0,14.0,16.5,17.5,19.0,16.0,15.5,16.1,4.0,14.0,13.25,13.47,2.0,16.0,18.0,17.4,2.0,15.43,4.0,20.0,19.5,18.5,18.88,3.0,12.5,14.0,16.25,15.35,2.0,17.47,5.0,9.25,13.5,12.65,2.0,11.5,11.5,11.6,2.0,12.12,4.0,12.5,12.0,12.15,3.0,18.0,14.0,11.25,12.67,4.0,12.45,7.0,18.0,10.5,17.5,16.52,3.0,15.5,9.0,10.5,11.02,3.0,14.39,30.0,14.57
149,0.0,10.0,0.0,0.0,0.0,0.0,0.0,0.0,0.0,0.0,0.0,12.0,0.0,0.0,15.0,0.0,0.0,0.0,0.0,0.0,0.0,8.0,-1.0,1.2,0.0,4.5,-1.0,1.35,0.0,12.0,-1.0,3.6,0.0,2.48,0.0,0.0,13.5,-1.0,2.02,0.0,8.0,9.5,-1.0,2.62,0.0,2.26,0.0,9.5,0.0,1.9,0.0,9.0,9.0,8.3,0.0,5.1,0.0,10.0,-1.0,3.0,0.0,16.5,14.5,-1.0,4.65,0.0,3.94,0.0,0.0,10.25,-1.0,1.54,0.0,2.75,4.0,-1.0,1.01,0.0,2.72,0.0,2.03
150,8.0,18.0,10.0,0.0,14.0,0.0,8.5,10.0,10.0,13.5,3.0,15.0,6.75,13.0,17.25,13.0,0.0,10.0,16.5,13.0,7.0,7.0,6.5,6.65,0.0,4.0,3.25,3.47,0.0,13.0,11.0,11.6,2.0,7.54,2.0,8.0,10.0,6.25,7.07,0.0,10.0,11.75,5.0,6.76,0.0,6.95,0.0,11.75,14.0,13.55,2.0,10.5,10.5,10.8,2.0,12.18,4.0,7.0,10.0,9.1,0.0,17.75,12.0,2.25,6.04,0.0,7.35,0.0,5.0,10.25,5.5,6.14,0.0,3.75,4.5,4.5,4.39,0.0,7.44,6.0,8.0
151,15.0,18.0,15.0,12.0,14.0,13.0,10.5,17.0,10.5,14.0,15.0,17.0,16.0,15.5,17.25,12.0,16.5,10.0,17.0,19.0,18.5,11.0,10.0,11.42,4.0,10.0,9.0,9.3,0.0,13.5,12.5,12.8,2.0,11.05,4.0,18.75,18.0,13.75,15.14,3.0,15.0,14.75,11.75,12.69,2.0,14.16,5.0,11.75,14.5,13.95,2.0,12.0,12.0,11.7,2.0,12.82,4.0,14.0,11.5,12.25,3.0,18.5,15.0,7.0,9.92,0.0,10.92,7.0,15.5,12.25,11.25,12.04,3.0,12.5,12.75,12.0,12.19,3.0,12.04,30.0,12.84
152,7.25,14.0,20.0,2.0,12.5,12.0,11.5,13.0,11.0,8.0,12.0,15.0,13.5,14.0,17.5,14.0,14.0,16.0,16.0,17.5,8.0,7.0,12.0,10.65,4.0,7.0,9.0,8.4,0.0,10.75,13.0,12.32,2.0,10.36,4.0,13.0,8.5,10.75,10.75,3.0,11.5,7.75,8.5,8.84,0.0,9.99,3.0,14.0,14.5,14.4,2.0,0.0,0.0,1.7,0.0,8.05,2.0,10.0,7.5,8.25,0.0,18.0,12.0,6.5,9.05,0.0,8.71,0.0,10.0,11.25,10.25,10.36,3.0,13.25,13.75,10.75,11.58,3.0,9.77,19.0,10.62
153,11.75,18.0,15.0,1.0,11.0,17.0,15.0,15.5,10.5,15.0,12.75,15.0,16.0,10.0,17.25,12.0,16.5,10.5,18.5,15.5,12.5,7.0,0.5,3.28,0.0,2.0,0.5,0.95,0.0,1.0,1.5,1.35,0.0,1.15,0.0,18.75,12.0,8.0,10.21,3.0,10.0,6.0,9.0,8.7,0.0,9.61,3.0,11.5,6.0,7.1,0.0,0.0,0.0,0.8,0.0,3.95,0.0,12.0,5.25,7.27,0.0,18.0,13.75,5.25,8.44,0.0,7.94,0.0,9.0,7.75,3.25,4.79,0.0,12.75,3.5,5.25,6.11,0.0,5.66,3.0,9.22
154,14.0,18.0,14.0,17.0,15.0,16.0,14.5,17.0,9.25,15.0,16.25,15.0,19.25,16.5,18.0,13.0,20.0,16.5,17.0,18.5,14.0,16.0,15.5,15.35,4.0,10.0,15.0,13.5,2.0,14.0,18.5,17.15,2.0,15.32,4.0,17.0,19.0,17.5,17.65,3.0,14.0,17.25,13.75,14.31,2.0,16.31,5.0,10.75,16.0,14.95,2.0,13.0,13.0,12.6,2.0,13.77,4.0,17.0,12.0,13.5,3.0,19.0,18.0,15.0,16.05,4.0,14.96,7.0,16.5,16.0,15.5,15.72,3.0,15.5,12.5,14.0,14.0,3.0,15.11,30.0,15.06
155,-1.0,18.0,8.0,14.0,14.0,11.0,9.5,16.5,-1.0,14.0,12.5,19.0,12.0,11.0,17.5,15.0,18.0,13.0,16.0,15.5,12.0,1.0,3.0,4.0,0.0,3.0,7.7,6.3,0.0,7.5,1.7,3.4,0.0,4.9,0.0,16.0,9.5,7.2,8.9,0.0,10.0,12.0,15.0,13.0,2.0,10.0,5.0,4.5,10.0,8.9,0.0,0.0,0.0,2.5,0.0,5.7,0.0,10.0,8.0,8.6,0.0,18.0,16.0,18.0,18.0,4.0,14.0,7.0,11.0,7.0,8.75,8.82,0.0,5.75,5.0,6.25,5.99,0.0,8.52,12.0,9.9
156,13.0,18.0,12.0,17.0,15.0,16.0,14.5,17.0,8.0,14.0,8.25,15.0,15.0,14.5,17.25,11.0,20.0,10.5,18.0,16.5,4.0,0.0,0.0,0.6,0.0,0.0,0.0,0.0,0.0,0.0,4.25,2.97,0.0,1.48,0.0,14.0,1.0,12.25,10.82,3.0,10.0,0.0,8.75,7.62,0.0,9.54,3.0,3.25,6.0,5.45,0.0,9.5,9.5,8.4,0.0,6.93,0.0,2.0,6.0,4.8,0.0,17.0,2.0,8.0,8.45,0.0,6.89,0.0,2.5,0.0,2.5,2.12,0.0,2.0,4.5,5.0,4.48,0.0,5.06,3.0,9.18
157,17.5,14.0,15.0,12.0,13.5,13.0,15.0,17.0,8.75,14.0,16.0,17.0,16.75,15.0,17.25,12.0,16.5,16.0,17.0,19.5,16.0,14.0,10.5,11.85,4.0,9.5,11.75,11.08,2.0,14.5,10.75,11.88,2.0,11.48,4.0,18.0,17.0,15.75,16.28,3.0,11.5,15.0,13.25,13.25,2.0,15.07,5.0,14.5,17.0,16.5,2.0,12.5,12.5,12.5,2.0,14.5,4.0,11.0,10.0,10.3,3.0,18.0,14.25,10.0,11.84,4.0,11.18,7.0,14.0,10.5,13.0,12.77,3.0,13.75,11.5,13.5,13.24,3.0,12.76,30.0,13.43
158,8.0,14.0,13.0,2.0,5.0,16.0,13.5,15.0,9.0,17.25,9.5,15.0,14.5,10.0,17.25,13.0,18.0,10.0,0.0,2.0,0.0,3.0,2.5,2.2,0.0,4.75,0.0,1.42,0.0,2.5,0.5,1.1,0.0,1.26,0.0,0.0,13.5,10.5,9.38,0.0,8.0,6.5,4.75,5.5,0.0,7.83,0.0,7.25,11.0,10.25,2.0,13.5,13.5,11.9,2.0,11.08,4.0,7.0,2.5,3.85,0.0,18.0,13.0,4.0,7.45,0.0,5.91,0.0,0.0,4.0,2.75,2.52,0.0,0.0,3.75,4.75,3.89,0.0,5.26,4.0,7.88
159,13.5,12.0,13.0,12.5,15.0,18.0,15.0,17.0,7.0,14.25,14.0,20.0,13.5,8.0,18.0,12.5,17.5,11.0,18.0,8.0,10.0,13.0,16.5,15.0,4.0,9.25,9.5,9.42,0.0,14.5,16.5,15.9,2.0,12.66,4.0,18.75,12.0,9.0,10.91,3.0,15.5,6.5,12.0,11.7,2.0,11.23,5.0,16.25,12.5,13.25,2.0,12.5,12.5,12.4,2.0,12.82,4.0,13.0,15.0,14.4,3.0,17.0,15.75,10.0,11.91,4.0,12.98,7.0,16.0,12.25,11.75,12.46,3.0,14.5,11.25,9.5,10.51,3.0,12.59,30.0,12.88
160,18.0,18.0,15.0,16.5,10.5,17.5,16.5,18.0,12.0,17.75,18.75,20.0,17.75,10.5,17.5,14.5,20.0,15.0,17.0,19.5,14.0,8.0,15.0,13.8,4.0,13.0,7.5,9.15,0.0,15.5,8.75,10.77,2.0,-1.0,2.0,18.75,14.5,14.0,14.79,3.0,13.5,17.75,11.5,12.74,2.0,13.97,5.0,15.5,17.0,16.7,2.0,12.0,12.0,12.0,2.0,14.35,4.0,16.0,8.5,10.75,3.0,18.0,13.5,11.0,12.42,4.0,11.7,7.0,14.5,15.0,15.5,15.27,3.0,13.0,14.75,13.5,13.61,3.0,13.03,28.0,14.15
161,12.25,14.0,19.0,12.0,12.5,18.0,16.5,17.5,11.5,17.0,15.75,17.0,15.0,7.0,18.0,13.5,20.0,17.0,17.0,16.0,14.5,12.0,13.5,13.42,4.0,13.25,9.0,10.27,2.0,17.5,17.75,17.67,2.0,13.97,4.0,19.5,10.5,10.0,11.5,3.0,13.0,14.5,10.5,11.48,2.0,11.49,5.0,11.0,8.0,8.6,0.0,13.5,13.5,13.2,2.0,10.9,4.0,16.5,10.0,11.95,3.0,18.0,15.0,13.75,14.58,4.0,13.45,7.0,14.5,12.0,9.5,10.62,3.0,13.25,10.0,7.25,8.56,0.0,12.08,27.0,13.2
162,9.5,19.0,17.0,12.5,8.0,17.0,15.0,14.0,13.25,12.5,14.5,12.0,13.25,10.5,-1.0,0.0,18.0,12.5,19.0,18.0,0.0,7.0,3.5,3.5,0.0,6.5,11.0,9.65,0.0,8.5,5.5,6.4,0.0,8.02,0.0,-1.0,-1.0,-1.0,13.45,3.0,8.0,6.25,7.25,7.21,0.0,10.95,5.0,8.0,8.5,8.4,0.0,-1.0,-1.0,10.6,2.0,9.5,2.0,14.0,9.0,10.5,3.0,14.0,14.0,9.25,10.68,4.0,10.6,7.0,0.0,5.0,6.0,4.95,0.0,3.0,0.0,3.25,2.72,0.0,7.87,14.0,10.82
163,11.5,0.0,14.0,15.0,6.0,18.0,15.0,14.0,11.0,0.0,9.25,12.0,12.0,8.0,18.0,13.5,16.5,13.5,16.0,13.0,1.0,6.0,10.0,8.05,0.0,8.25,3.5,4.92,0.0,17.0,14.75,15.42,2.0,10.17,4.0,12.75,2.5,13.0,11.39,3.0,8.0,8.75,11.0,10.21,2.0,10.92,5.0,10.0,7.5,8.0,0.0,8.0,8.0,7.9,0.0,7.95,0.0,13.0,8.0,9.5,0.0,17.0,14.0,8.0,10.25,4.0,9.93,4.0,0.0,6.25,12.0,9.34,0.0,10.0,7.5,5.5,6.48,0.0,9.21,13.0,10.72
164,8.75,-1.0,-1.0,-1.0,-1.0,-1.0,-1.0,16.5,8.0,17.75,0.0,-1.0,-1.0,-1.0,-1.0,-1.0,14.0,4.0,-1.0,-1.0,1.5,4.0,1.5,1.87,0.0,4.75,0.5,1.78,0.0,10.0,4.25,5.98,0.0,3.88,0.0,8.0,5.0,5.75,5.98,0.0,-1.0,-1.0,-1.0,13.25,2.0,8.89,2.0,5.0,7.5,7.0,0.0,-1.0,-1.0,12.0,2.0,9.5,2.0,-1.0,-1.0,-1.0,-1.0,-1.0,-1.0,-1.0,-1.0,-1.0,14.71,7.0,-1.0,-1.0,-1.0,10.25,3.0,2.25,0.0,8.0,5.94,0.0,8.57,14.0,9.68
165,11.0,14.0,13.0,10.0,2.5,18.0,16.5,14.5,6.0,11.0,6.0,18.0,17.0,10.0,18.0,15.0,18.0,3.5,16.0,13.5,7.0,4.0,2.0,3.05,0.0,3.0,3.25,3.18,0.0,0.0,5.0,3.5,0.0,3.34,0.0,8.0,2.0,7.0,6.4,0.0,12.0,8.0,6.25,7.38,0.0,6.79,0.0,5.5,9.5,8.7,0.0,16.0,16.0,15.1,2.0,11.9,4.0,12.0,12.0,12.0,3.0,15.0,13.0,8.0,9.8,0.0,10.74,7.0,10.0,4.25,7.0,7.04,0.0,9.75,5.75,8.0,7.92,0.0,7.57,11.0,8.64
166,14.25,12.0,17.0,13.0,12.5,18.0,15.5,13.0,7.5,16.0,11.25,16.0,15.25,11.0,18.0,13.5,14.0,10.5,18.0,15.0,9.0,11.0,15.5,13.85,4.0,16.75,7.0,9.92,0.0,13.0,12.75,12.82,2.0,11.37,4.0,14.75,10.0,10.0,10.71,3.0,12.0,13.75,12.75,12.79,2.0,11.54,5.0,12.25,13.5,13.25,2.0,9.5,9.5,9.5,0.0,11.38,4.0,13.5,9.5,10.7,3.0,17.0,14.0,10.0,11.65,4.0,11.24,7.0,14.0,12.5,8.0,9.58,0.0,11.25,6.75,9.25,9.17,0.0,11.3,24.0,12.34
167,15.5,12.0,15.0,12.0,12.0,18.0,15.5,16.5,13.75,16.5,15.5,20.0,15.5,8.0,18.0,12.5,17.5,13.0,18.0,14.5,9.0,17.0,16.5,15.45,4.0,17.75,12.5,14.08,2.0,19.0,16.0,16.9,2.0,15.49,4.0,19.75,14.5,14.5,15.29,3.0,13.0,14.0,13.0,13.15,2.0,14.43,5.0,17.0,18.0,17.8,2.0,13.0,13.0,12.6,2.0,15.2,4.0,17.0,11.0,12.8,3.0,18.0,14.25,10.0,11.84,4.0,12.25,7.0,16.0,10.25,13.75,13.56,3.0,13.25,14.75,11.75,12.42,3.0,14.01,30.0,14.63
168,12.25,14.0,14.0,14.0,11.5,18.0,15.0,17.5,10.0,17.0,11.25,17.0,14.5,11.5,18.0,13.5,18.0,13.5,17.0,19.0,12.5,10.0,10.0,10.38,4.0,13.25,10.25,11.15,2.0,15.0,13.25,13.77,2.0,12.46,4.0,20.0,8.0,7.0,9.1,0.0,13.0,9.5,10.25,10.55,2.0,9.68,2.0,18.0,12.0,13.2,2.0,11.5,11.5,11.8,2.0,12.5,4.0,13.0,10.5,11.25,3.0,17.0,14.0,8.25,10.42,4.0,10.78,7.0,14.0,11.5,9.75,10.65,3.0,16.0,7.75,5.25,7.24,0.0,10.63,24.0,12.3
169,10.25,18.0,12.0,15.5,10.5,18.0,16.5,18.0,10.25,15.75,10.0,18.0,17.5,7.0,18.0,15.5,19.0,13.5,18.5,17.5,12.0,7.0,10.5,10.2,4.0,8.5,12.25,11.12,2.0,13.0,14.5,14.05,2.0,12.58,4.0,19.0,10.5,8.75,10.55,3.0,12.0,13.25,13.0,12.89,2.0,11.49,5.0,12.25,13.0,12.85,2.0,12.5,12.5,11.9,2.0,12.38,4.0,16.0,13.5,14.25,3.0,18.0,14.5,4.5,8.02,0.0,10.69,7.0,16.0,10.75,11.25,11.89,3.0,15.5,10.0,6.75,8.55,0.0,11.14,30.0,12.61
170,-1.0,13.0,12.0,12.0,6.0,17.5,8.0,16.0,-1.0,15.5,5.5,15.0,12.0,8.0,17.5,15.0,14.5,7.0,16.5,2.0,10.0,4.0,1.0,2.8,0.0,3.0,8.5,-1.0,0.0,10.0,-1.0,-1.0,0.0,-1.0,0.0,13.0,4.0,2.0,-1.0,0.0,13.0,5.5,5.0,-1.0,0.0,-1.0,0.0,9.0,15.0,13.8,2.0,3.0,3.0,3.8,0.0,8.8,2.0,11.5,5.5,7.3,0.0,17.0,11.0,-1.0,4.2,0.0,-1.0,0.0,16.0,9.25,11.25,11.66,3.0,9.25,6.25,5.5,6.17,0.0,6.36,5.0,7.4
171,13.25,5.0,15.0,13.0,12.5,18.0,15.5,17.5,8.75,15.0,12.5,20.0,16.5,10.0,18.0,15.0,16.0,8.5,16.0,15.0,2.0,8.0,6.5,6.05,0.0,14.0,6.0,8.4,0.0,18.0,8.5,11.35,2.0,9.88,2.0,12.0,1.0,12.0,10.35,3.0,10.0,13.75,7.25,8.64,0.0,9.67,3.0,11.5,7.0,7.9,0.0,14.5,14.5,12.8,2.0,10.35,4.0,17.5,11.0,12.95,3.0,14.0,14.75,10.0,11.31,4.0,12.01,7.0,13.0,16.5,11.0,12.12,3.0,10.25,8.0,9.25,9.21,0.0,10.05,22.0,12.12
172,10.25,16.0,13.0,11.0,15.0,17.25,16.0,13.0,-1.0,16.25,13.75,18.0,14.75,10.5,17.25,14.5,19.5,16.5,16.5,16.5,15.0,9.0,17.0,15.0,4.0,19.0,13.0,14.0,2.0,16.0,10.0,12.0,2.0,13.0,4.0,19.0,18.0,13.0,15.0,3.0,12.0,13.0,10.0,11.0,2.0,13.0,5.0,9.7,9.0,9.1,0.0,10.0,10.0,10.0,2.0,9.6,2.0,16.0,10.0,11.0,3.0,14.0,15.0,10.0,11.0,4.0,11.0,7.0,14.0,6.0,12.75,11.92,3.0,15.25,8.75,7.5,8.85,0.0,12.25,28.0,13.34
173,16.0,19.0,13.0,18.0,16.0,17.25,16.0,18.0,14.5,17.0,18.0,19.5,18.5,14.5,17.25,15.0,20.0,12.0,18.0,18.5,10.0,12.0,20.0,17.3,4.0,11.0,14.25,13.27,2.0,17.0,18.5,18.05,2.0,15.66,4.0,20.0,11.5,16.25,16.1,3.0,17.0,12.25,13.5,13.84,2.0,15.2,5.0,15.5,19.5,18.7,2.0,13.5,13.5,13.0,2.0,15.85,4.0,16.0,18.5,17.75,3.0,18.0,17.75,15.5,16.21,4.0,16.87,7.0,17.0,14.25,13.5,14.14,3.0,19.5,14.25,12.0,13.46,3.0,15.74,30.0,16.02
174,9.75,16.0,15.0,15.0,12.5,17.25,13.5,15.0,13.25,16.75,17.0,17.0,16.0,11.0,17.25,14.5,19.5,10.0,18.0,11.5,13.0,14.0,17.5,16.3,4.0,17.0,15.5,15.95,2.0,18.0,13.75,15.02,2.0,15.48,4.0,19.75,19.5,18.5,18.84,3.0,11.5,14.0,12.75,12.75,2.0,16.4,5.0,12.5,13.0,12.9,2.0,10.0,10.0,10.3,2.0,11.6,4.0,16.0,10.5,12.15,3.0,18.0,13.0,15.0,15.15,4.0,13.86,7.0,17.0,10.5,15.25,14.8,3.0,16.5,13.75,10.25,11.71,3.0,14.4,30.0,14.51
175,14.75,16.0,13.0,10.0,13.5,17.25,16.0,16.0,10.0,17.0,16.0,18.0,15.0,13.0,17.25,14.5,17.0,17.0,16.5,18.5,14.5,15.0,16.0,15.62,4.0,16.0,13.75,14.42,2.0,15.5,15.75,15.67,2.0,15.04,4.0,19.25,19.0,16.5,17.29,3.0,13.0,-1.0,15.5,13.89,2.0,15.93,5.0,-1.0,11.0,10.65,2.0,10.0,10.0,10.1,2.0,10.38,4.0,16.5,10.5,12.3,3.0,15.0,13.75,12.25,12.89,4.0,12.64,7.0,14.0,7.75,9.0,9.56,0.0,14.25,9.25,13.25,12.8,3.0,13.31,30.0,13.66
176,9.75,18.0,12.0,16.5,11.0,17.5,16.5,17.0,8.25,17.0,14.25,16.0,15.25,12.5,17.5,15.0,19.5,12.0,18.0,13.5,9.5,11.0,13.5,12.52,4.0,19.5,10.0,12.85,2.0,13.5,17.0,15.95,2.0,14.4,4.0,14.0,8.0,11.75,11.52,3.0,11.5,11.25,6.0,7.61,0.0,9.96,3.0,13.5,9.5,10.3,2.0,8.5,8.5,9.3,0.0,9.8,2.0,14.0,17.5,16.45,3.0,18.0,15.0,8.0,10.55,4.0,13.08,7.0,15.0,10.5,10.5,11.17,3.0,16.75,11.25,10.75,11.72,3.0,11.9,26.0,12.95
177,13.25,18.0,15.0,18.0,12.5,18.0,15.0,18.5,11.5,18.0,13.25,18.0,17.5,6.0,18.0,15.5,19.5,17.0,18.5,18.0,12.5,13.0,14.5,13.97,4.0,11.0,14.25,13.27,2.0,17.0,14.5,15.25,2.0,14.26,4.0,18.75,10.5,12.5,13.14,3.0,11.5,10.75,10.0,10.34,2.0,12.02,5.0,15.25,14.5,14.65,2.0,14.5,14.5,13.3,2.0,13.98,4.0,13.5,10.5,11.4,3.0,18.0,14.0,15.0,15.3,4.0,13.63,7.0,16.0,12.25,13.5,13.69,3.0,14.0,14.0,14.75,14.52,3.0,13.63,30.0,14.58
